file_a,file_b,cochange_count,jaccard
.env.example,app/(game)/page.tsx,2,0.111111
.env.example,components/crash/CrashGame.tsx,2,0.142857
.env.example,components/deposit-funds-modal.tsx,5,0.227273
.env.example,components/game/StarRushSandboxPanel.tsx,2,0.142857
.env.example,components/staking-content.tsx,3,0.090909
.env.example,components/telegram-shell-theme.tsx,2,0.125000
.env.example,components/wallet-action-modal.tsx,2,0.100000
.env.example,docs/dev_launch.md,2,0.133333
.env.example,lib/i18n.tsx,2,0.117647
.env.example,lib/mini-app-bootstrap.ts,3,0.200000
.env.example,lib/ui-sandbox.ts,2,0.142857
.env.example,lib/use-telegram-user.ts,2,0.142857
app/(game)/page.tsx,components/crash/CrashGame.tsx,2,0.333333
app/(game)/page.tsx,components/deposit-funds-modal.tsx,2,0.117647
app/(game)/page.tsx,components/game/StarRushSandboxPanel.tsx,2,0.333333
app/(game)/page.tsx,components/staking-content.tsx,6,0.272727
app/(game)/page.tsx,components/telegram-shell-theme.tsx,2,0.250000
app/(game)/page.tsx,components/wallet-action-modal.tsx,2,0.166667
app/(game)/page.tsx,docs/dev_launch.md,2,0.285714
app/(game)/page.tsx,lib/i18n.tsx,4,0.571429
app/(game)/page.tsx,lib/mini-app-bootstrap.ts,2,0.250000
app/(game)/page.tsx,lib/ui-sandbox.ts,2,0.333333
app/(game)/page.tsx,lib/use-telegram-user.ts,2,0.333333
components/crash/CrashGame.tsx,components/deposit-funds-modal.tsx,2,0.153846
components/crash/CrashGame.tsx,components/game/StarRushSandboxPanel.tsx,2,1.000000
components/crash/CrashGame.tsx,components/staking-content.tsx,2,0.090909
components/crash/CrashGame.tsx,components/telegram-shell-theme.tsx,2,0.500000
components/crash/CrashGame.tsx,components/wallet-action-modal.tsx,2,0.250000
components/crash/CrashGame.tsx,docs/dev_launch.md,2,0.666667
components/crash/CrashGame.tsx,lib/i18n.tsx,2,0.400000
components/crash/CrashGame.tsx,lib/mini-app-bootstrap.ts,2,0.500000
components/crash/CrashGame.tsx,lib/ui-sandbox.ts,2,1.000000
components/crash/CrashGame.tsx,lib/use-telegram-user.ts,2,1.000000
components/deposit-funds-modal.tsx,components/game/StarRushSandboxPanel.tsx,2,0.153846
components/deposit-funds-modal.tsx,components/staking-content.tsx,7,0.250000
components/deposit-funds-modal.tsx,components/telegram-shell-theme.tsx,3,0.214286
components/deposit-funds-modal.tsx,components/wallet-action-modal.tsx,5,0.312500
components/deposit-funds-modal.tsx,docs/dev_launch.md,2,0.142857
components/deposit-funds-modal.tsx,lib/i18n.tsx,3,0.200000
components/deposit-funds-modal.tsx,lib/mini-app-bootstrap.ts,3,0.214286
components/deposit-funds-modal.tsx,lib/ui-sandbox.ts,2,0.153846
components/deposit-funds-modal.tsx,lib/use-telegram-user.ts,2,0.153846
components/game/StarRushSandboxPanel.tsx,components/staking-content.tsx,2,0.090909
components/game/StarRushSandboxPanel.tsx,components/telegram-shell-theme.tsx,2,0.500000
components/game/StarRushSandboxPanel.tsx,components/wallet-action-modal.tsx,2,0.250000
components/game/StarRushSandboxPanel.tsx,docs/dev_launch.md,2,0.666667
components/game/StarRushSandboxPanel.tsx,lib/i18n.tsx,2,0.400000
components/game/StarRushSandboxPanel.tsx,lib/mini-app-bootstrap.ts,2,0.500000
components/game/StarRushSandboxPanel.tsx,lib/ui-sandbox.ts,2,1.000000
components/game/StarRushSandboxPanel.tsx,lib/use-telegram-user.ts,2,1.000000
components/staking-content.tsx,components/telegram-shell-theme.tsx,3,0.130435
components/staking-content.tsx,components/wallet-action-modal.tsx,7,0.304348
components/staking-content.tsx,docs/dev_launch.md,2,0.086957
components/staking-content.tsx,lib/i18n.tsx,5,0.227273
components/staking-content.tsx,lib/mini-app-bootstrap.ts,4,0.181818
components/staking-content.tsx,lib/ui-sandbox.ts,2,0.090909
components/staking-content.tsx,lib/use-telegram-user.ts,2,0.090909
components/telegram-shell-theme.tsx,components/wallet-action-modal.tsx,3,0.333333
components/telegram-shell-theme.tsx,docs/dev_launch.md,3,0.750000
components/telegram-shell-theme.tsx,lib/i18n.tsx,2,0.285714
components/telegram-shell-theme.tsx,lib/mini-app-bootstrap.ts,2,0.333333
components/telegram-shell-theme.tsx,lib/ui-sandbox.ts,2,0.500000
components/telegram-shell-theme.tsx,lib/use-telegram-user.ts,2,0.500000
components/wallet-action-modal.tsx,docs/dev_launch.md,2,0.222222
components/wallet-action-modal.tsx,lib/i18n.tsx,3,0.300000
components/wallet-action-modal.tsx,lib/mini-app-bootstrap.ts,3,0.333333
components/wallet-action-modal.tsx,lib/ui-sandbox.ts,2,0.250000
components/wallet-action-modal.tsx,lib/use-telegram-user.ts,2,0.250000
docs/dev_launch.md,lib/i18n.tsx,2,0.333333
docs/dev_launch.md,lib/mini-app-bootstrap.ts,2,0.400000
docs/dev_launch.md,lib/ui-sandbox.ts,2,0.666667
docs/dev_launch.md,lib/use-telegram-user.ts,2,0.666667
lib/i18n.tsx,lib/mini-app-bootstrap.ts,3,0.500000
lib/i18n.tsx,lib/ui-sandbox.ts,2,0.400000
lib/i18n.tsx,lib/use-telegram-user.ts,2,0.400000
lib/mini-app-bootstrap.ts,lib/ui-sandbox.ts,2,0.500000
lib/mini-app-bootstrap.ts,lib/use-telegram-user.ts,2,0.500000
lib/ui-sandbox.ts,lib/use-telegram-user.ts,2,1.000000
components/game/StarRushPanel.tsx,components/telegram-shell-theme.tsx,2,0.166667
app/(game)/page.tsx,styles/staking-safe.module.css,4,0.200000
components/staking-content.tsx,styles/staking-safe.module.css,16,0.666667
lib/i18n.tsx,styles/staking-safe.module.css,2,0.095238
app/(game)/page.tsx,components/top-hud.tsx,2,0.133333
components/staking-content.tsx,components/top-hud.tsx,8,0.320000
components/top-hud.tsx,styles/staking-safe.module.css,7,0.318182
app/(game)/page.tsx,components/game/CoefficientDisplay.tsx,2,0.285714
app/(game)/page.tsx,components/game/StarRushPanel.tsx,2,0.142857
app/(game)/page.tsx,lib/currency.ts,2,0.333333
app/api/staking/leaderboard/route.ts,components/staking-content.tsx,2,0.086957
app/api/staking/leaderboard/route.ts,services/game-settlement.service.ts,2,0.400000
app/api/staking/leaderboard/route.ts,styles/staking-safe.module.css,2,0.105263
components/game/CoefficientDisplay.tsx,components/game/StarRushPanel.tsx,3,0.300000
components/game/CoefficientDisplay.tsx,components/referral-program.tsx,2,0.285714
components/game/CoefficientDisplay.tsx,components/staking-content.tsx,3,0.136364
components/game/CoefficientDisplay.tsx,components/stat-cards.tsx,2,0.285714
components/game/CoefficientDisplay.tsx,lib/currency.ts,2,0.666667
components/game/CoefficientDisplay.tsx,styles/staking-safe.module.css,2,0.105263
components/game/StarRushPanel.tsx,components/referral-program.tsx,3,0.230769
components/game/StarRushPanel.tsx,components/staking-content.tsx,4,0.142857
components/game/StarRushPanel.tsx,components/stat-cards.tsx,2,0.142857
components/game/StarRushPanel.tsx,lib/currency.ts,2,0.200000
components/game/StarRushPanel.tsx,styles/staking-safe.module.css,4,0.166667
components/referral-program.tsx,components/staking-content.tsx,5,0.217391
components/referral-program.tsx,components/stat-cards.tsx,4,0.500000
components/referral-program.tsx,styles/staking-safe.module.css,4,0.200000
components/staking-content.tsx,components/stat-cards.tsx,6,0.272727
components/staking-content.tsx,lib/currency.ts,2,0.090909
components/stat-cards.tsx,styles/staking-safe.module.css,5,0.263158
lib/currency.ts,styles/staking-safe.module.css,2,0.111111
components/game/CoefficientDisplay.tsx,components/game/PlayersBetsList.tsx,2,0.500000
components/game/CoefficientDisplay.tsx,components/top-hud.tsx,2,0.166667
components/game/CoefficientDisplay.tsx,components/wallet-overview-modal.tsx,2,0.250000
components/game/CoefficientDisplay.tsx,lib/i18n.tsx,2,0.333333
components/game/CoefficientDisplay.tsx,styles/starrush.module.css,2,0.105263
components/game/PlayersBetsList.tsx,components/game/StarRushPanel.tsx,2,0.181818
components/game/PlayersBetsList.tsx,components/staking-content.tsx,3,0.136364
components/game/PlayersBetsList.tsx,components/top-hud.tsx,3,0.272727
components/game/PlayersBetsList.tsx,components/wallet-overview-modal.tsx,2,0.250000
components/game/PlayersBetsList.tsx,lib/i18n.tsx,2,0.333333
components/game/PlayersBetsList.tsx,styles/staking-safe.module.css,2,0.105263
components/game/PlayersBetsList.tsx,styles/starrush.module.css,3,0.166667
components/game/StarRushPanel.tsx,components/top-hud.tsx,3,0.166667
components/game/StarRushPanel.tsx,components/wallet-overview-modal.tsx,4,0.307692
components/game/StarRushPanel.tsx,lib/game/backend-round-state-adapter.ts,2,0.181818
components/game/StarRushPanel.tsx,lib/i18n.tsx,2,0.153846
components/game/StarRushPanel.tsx,styles/starrush.module.css,8,0.400000
components/staking-content.tsx,components/wallet-overview-modal.tsx,6,0.260870
components/staking-content.tsx,styles/starrush.module.css,10,0.333333
components/top-hud.tsx,components/wallet-overview-modal.tsx,4,0.285714
components/top-hud.tsx,lib/i18n.tsx,2,0.142857
components/top-hud.tsx,prisma/schema.prisma,2,0.166667
components/top-hud.tsx,styles/starrush.module.css,9,0.450000
components/wallet-overview-modal.tsx,lib/i18n.tsx,2,0.200000
components/wallet-overview-modal.tsx,styles/staking-safe.module.css,6,0.315789
components/wallet-overview-modal.tsx,styles/starrush.module.css,7,0.388889
game/RoundEngine.ts,prisma/schema.prisma,2,0.666667
lib/game/backend-round-state-adapter.ts,styles/starrush.module.css,2,0.105263
lib/i18n.tsx,styles/starrush.module.css,2,0.095238
prisma/schema.prisma,styles/starrush.module.css,2,0.105263
styles/staking-safe.module.css,styles/starrush.module.css,9,0.333333
.env.example,lib/game-config.ts,2,0.142857
README.md,docs/deploy-vds.md,4,0.500000
README.md,infra/deploy/deploy-vds.sh,5,0.714286
docs/deploy-vds.md,infra/deploy/deploy-vds.sh,3,0.333333
.env.example,README.md,3,0.176471
.env.example,docs/deploy-vds.md,4,0.250000
components/bottom-navigation.tsx,components/ui/bottom-nav-shell.tsx,7,0.777778
app/globals.css,components/action-buttons.tsx,6,0.500000
app/globals.css,components/bets/PlaceBetModal.tsx,5,0.384615
app/globals.css,components/deposit-funds-modal.tsx,6,0.315789
app/globals.css,components/staking-content.tsx,10,0.416667
app/globals.css,components/top-hud.tsx,5,0.277778
app/globals.css,styles/deposit-funds-modal.module.css,9,0.692308
app/globals.css,styles/place-bet-modal.module.css,7,0.583333
app/globals.css,styles/staking-safe.module.css,9,0.428571
components/action-buttons.tsx,components/bets/PlaceBetModal.tsx,4,0.500000
components/action-buttons.tsx,components/deposit-funds-modal.tsx,5,0.357143
components/action-buttons.tsx,components/staking-content.tsx,5,0.217391
components/action-buttons.tsx,components/top-hud.tsx,5,0.416667
components/action-buttons.tsx,styles/deposit-funds-modal.module.css,6,0.600000
components/action-buttons.tsx,styles/place-bet-modal.module.css,6,0.857143
components/action-buttons.tsx,styles/staking-safe.module.css,5,0.263158
components/bets/PlaceBetModal.tsx,components/deposit-funds-modal.tsx,5,0.357143
components/bets/PlaceBetModal.tsx,components/staking-content.tsx,4,0.166667
components/bets/PlaceBetModal.tsx,components/top-hud.tsx,4,0.307692
components/bets/PlaceBetModal.tsx,styles/deposit-funds-modal.module.css,5,0.454545
components/bets/PlaceBetModal.tsx,styles/place-bet-modal.module.css,5,0.625000
components/bets/PlaceBetModal.tsx,styles/staking-safe.module.css,4,0.200000
components/deposit-funds-modal.tsx,components/top-hud.tsx,6,0.333333
components/deposit-funds-modal.tsx,styles/deposit-funds-modal.module.css,7,0.437500
components/deposit-funds-modal.tsx,styles/place-bet-modal.module.css,6,0.428571
components/deposit-funds-modal.tsx,styles/staking-safe.module.css,6,0.240000
components/staking-content.tsx,styles/deposit-funds-modal.module.css,8,0.333333
components/staking-content.tsx,styles/place-bet-modal.module.css,5,0.208333
components/top-hud.tsx,styles/deposit-funds-modal.module.css,6,0.400000
components/top-hud.tsx,styles/place-bet-modal.module.css,5,0.384615
styles/deposit-funds-modal.module.css,styles/place-bet-modal.module.css,7,0.700000
styles/deposit-funds-modal.module.css,styles/staking-safe.module.css,9,0.473684
styles/place-bet-modal.module.css,styles/staking-safe.module.css,6,0.315789
app/globals.css,app/layout.tsx,2,0.142857
app/globals.css,components/achievements.tsx,3,0.250000
app/globals.css,components/bottom-navigation.tsx,5,0.312500
app/globals.css,components/game/StarRushPanel.tsx,3,0.157895
app/globals.css,components/profile-header.tsx,4,0.333333
app/globals.css,components/referral-program.tsx,4,0.285714
app/globals.css,components/settings-menu.tsx,5,0.416667
app/globals.css,components/ui/bottom-nav-shell.tsx,4,0.266667
app/globals.css,components/ui/glass-segmented-control.tsx,8,0.615385
app/globals.css,components/ui/primary-button.tsx,3,0.250000
app/globals.css,components/ui/secondary-button.tsx,2,0.166667
app/globals.css,components/ui/stat-card.tsx,4,0.333333
app/globals.css,components/ui/stat-icon.tsx,4,0.333333
app/globals.css,components/wallet-action-modal.tsx,6,0.428571
app/globals.css,components/wallet-overview-modal.tsx,6,0.461538
app/globals.css,styles/starrush.module.css,8,0.363636
app/globals.css,theme/colors.ts,2,0.166667
app/layout.tsx,components/action-buttons.tsx,2,0.250000
app/layout.tsx,components/deposit-funds-modal.tsx,3,0.214286
app/layout.tsx,components/top-hud.tsx,2,0.153846
app/layout.tsx,components/ui/glass-segmented-control.tsx,2,0.181818
app/layout.tsx,styles/deposit-funds-modal.module.css,2,0.166667
app/layout.tsx,styles/place-bet-modal.module.css,2,0.222222
app/layout.tsx,styles/staking-safe.module.css,2,0.100000
app/layout.tsx,styles/starrush.module.css,2,0.100000
components/achievements.tsx,components/action-buttons.tsx,3,0.500000
components/achievements.tsx,components/bets/PlaceBetModal.tsx,2,0.285714
components/achievements.tsx,components/bottom-navigation.tsx,3,0.333333
components/achievements.tsx,components/deposit-funds-modal.tsx,2,0.142857
components/achievements.tsx,components/game/StarRushPanel.tsx,2,0.181818
components/achievements.tsx,components/profile-header.tsx,3,0.750000
components/achievements.tsx,components/referral-program.tsx,3,0.500000
components/achievements.tsx,components/settings-menu.tsx,3,0.600000
components/achievements.tsx,components/staking-content.tsx,3,0.136364
components/achievements.tsx,components/top-hud.tsx,3,0.272727
components/achievements.tsx,components/ui/bottom-nav-shell.tsx,2,0.250000
components/achievements.tsx,components/ui/glass-segmented-control.tsx,2,0.200000
components/achievements.tsx,components/ui/primary-button.tsx,2,0.500000
components/achievements.tsx,components/ui/secondary-button.tsx,2,0.666667
components/achievements.tsx,components/ui/stat-card.tsx,2,0.400000
components/achievements.tsx,components/ui/stat-icon.tsx,2,0.400000
components/achievements.tsx,components/wallet-action-modal.tsx,3,0.375000
components/achievements.tsx,components/wallet-overview-modal.tsx,3,0.428571
components/achievements.tsx,styles/deposit-funds-modal.module.css,3,0.300000
components/achievements.tsx,styles/place-bet-modal.module.css,3,0.428571
components/achievements.tsx,styles/staking-safe.module.css,2,0.105263
components/achievements.tsx,styles/starrush.module.css,3,0.166667
components/achievements.tsx,theme/colors.ts,2,0.666667
components/action-buttons.tsx,components/bottom-navigation.tsx,3,0.250000
components/action-buttons.tsx,components/game/StarRushPanel.tsx,2,0.142857
components/action-buttons.tsx,components/profile-header.tsx,3,0.428571
components/action-buttons.tsx,components/referral-program.tsx,4,0.500000
components/action-buttons.tsx,components/settings-menu.tsx,3,0.375000
components/action-buttons.tsx,components/ui/bottom-nav-shell.tsx,2,0.181818
components/action-buttons.tsx,components/ui/glass-segmented-control.tsx,4,0.363636
components/action-buttons.tsx,components/ui/primary-button.tsx,3,0.500000
components/action-buttons.tsx,components/ui/secondary-button.tsx,2,0.333333
components/action-buttons.tsx,components/ui/stat-card.tsx,2,0.250000
components/action-buttons.tsx,components/ui/stat-icon.tsx,2,0.250000
components/action-buttons.tsx,components/wallet-action-modal.tsx,3,0.272727
components/action-buttons.tsx,components/wallet-overview-modal.tsx,3,0.300000
components/action-buttons.tsx,styles/starrush.module.css,4,0.200000
components/action-buttons.tsx,theme/colors.ts,2,0.333333
components/bets/PlaceBetModal.tsx,components/bottom-navigation.tsx,2,0.153846
components/bets/PlaceBetModal.tsx,components/game/StarRushPanel.tsx,3,0.230769
components/bets/PlaceBetModal.tsx,components/profile-header.tsx,3,0.428571
components/bets/PlaceBetModal.tsx,components/referral-program.tsx,3,0.333333
components/bets/PlaceBetModal.tsx,components/settings-menu.tsx,3,0.375000
components/bets/PlaceBetModal.tsx,components/ui/glass-segmented-control.tsx,4,0.363636
components/bets/PlaceBetModal.tsx,components/ui/primary-button.tsx,2,0.285714
components/bets/PlaceBetModal.tsx,components/wallet-action-modal.tsx,3,0.272727
components/bets/PlaceBetModal.tsx,components/wallet-overview-modal.tsx,3,0.300000
components/bets/PlaceBetModal.tsx,styles/starrush.module.css,4,0.200000
components/bottom-navigation.tsx,components/deposit-funds-modal.tsx,3,0.157895
components/bottom-navigation.tsx,components/game/StarRushPanel.tsx,2,0.117647
components/bottom-navigation.tsx,components/profile-header.tsx,3,0.300000
components/bottom-navigation.tsx,components/referral-program.tsx,3,0.250000
components/bottom-navigation.tsx,components/settings-menu.tsx,3,0.272727
components/bottom-navigation.tsx,components/staking-content.tsx,6,0.240000
components/bottom-navigation.tsx,components/top-hud.tsx,4,0.250000
components/bottom-navigation.tsx,components/ui/glass-segmented-control.tsx,2,0.125000
components/bottom-navigation.tsx,components/ui/primary-button.tsx,2,0.200000
components/bottom-navigation.tsx,components/ui/secondary-button.tsx,2,0.222222
components/bottom-navigation.tsx,components/ui/stat-card.tsx,4,0.444444
components/bottom-navigation.tsx,components/ui/stat-icon.tsx,4,0.444444
components/bottom-navigation.tsx,components/wallet-action-modal.tsx,5,0.416667
components/bottom-navigation.tsx,components/wallet-overview-modal.tsx,5,0.454545
components/bottom-navigation.tsx,styles/deposit-funds-modal.module.css,6,0.461538
components/bottom-navigation.tsx,styles/place-bet-modal.module.css,3,0.230769
components/bottom-navigation.tsx,styles/staking-safe.module.css,5,0.227273
components/bottom-navigation.tsx,styles/starrush.module.css,6,0.285714
components/bottom-navigation.tsx,theme/colors.ts,2,0.222222
components/deposit-funds-modal.tsx,components/game/StarRushPanel.tsx,3,0.150000
components/deposit-funds-modal.tsx,components/profile-header.tsx,3,0.214286
components/deposit-funds-modal.tsx,components/referral-program.tsx,3,0.187500
components/deposit-funds-modal.tsx,components/settings-menu.tsx,3,0.200000
components/deposit-funds-modal.tsx,components/ui/glass-segmented-control.tsx,5,0.294118
components/deposit-funds-modal.tsx,components/ui/primary-button.tsx,2,0.142857
components/deposit-funds-modal.tsx,components/wallet-overview-modal.tsx,3,0.176471
components/deposit-funds-modal.tsx,styles/starrush.module.css,6,0.240000
components/game/StarRushPanel.tsx,components/profile-header.tsx,3,0.272727
components/game/StarRushPanel.tsx,components/settings-menu.tsx,3,0.250000
components/game/StarRushPanel.tsx,components/ui/glass-segmented-control.tsx,3,0.187500
components/game/StarRushPanel.tsx,components/wallet-action-modal.tsx,3,0.200000
components/game/StarRushPanel.tsx,styles/deposit-funds-modal.module.css,3,0.176471
components/game/StarRushPanel.tsx,styles/place-bet-modal.module.css,3,0.214286
components/profile-header.tsx,components/referral-program.tsx,3,0.428571
components/profile-header.tsx,components/settings-menu.tsx,4,0.800000
components/profile-header.tsx,components/staking-content.tsx,3,0.130435
components/profile-header.tsx,components/top-hud.tsx,3,0.250000
components/profile-header.tsx,components/ui/bottom-nav-shell.tsx,2,0.222222
components/profile-header.tsx,components/ui/glass-segmented-control.tsx,3,0.300000
components/profile-header.tsx,components/ui/primary-button.tsx,2,0.400000
components/profile-header.tsx,components/ui/secondary-button.tsx,2,0.500000
components/profile-header.tsx,components/ui/stat-card.tsx,2,0.333333
components/profile-header.tsx,components/ui/stat-icon.tsx,2,0.333333
components/profile-header.tsx,components/wallet-action-modal.tsx,4,0.500000
components/profile-header.tsx,components/wallet-overview-modal.tsx,4,0.571429
components/profile-header.tsx,styles/deposit-funds-modal.module.css,4,0.400000
components/profile-header.tsx,styles/place-bet-modal.module.css,4,0.571429
components/profile-header.tsx,styles/staking-safe.module.css,3,0.157895
components/profile-header.tsx,styles/starrush.module.css,4,0.222222
components/profile-header.tsx,theme/colors.ts,2,0.500000
components/referral-program.tsx,components/settings-menu.tsx,3,0.375000
components/referral-program.tsx,components/top-hud.tsx,4,0.307692
components/referral-program.tsx,components/ui/bottom-nav-shell.tsx,2,0.181818
components/referral-program.tsx,components/ui/glass-segmented-control.tsx,3,0.250000
components/referral-program.tsx,components/ui/primary-button.tsx,3,0.500000
components/referral-program.tsx,components/ui/secondary-button.tsx,2,0.333333
components/referral-program.tsx,components/ui/stat-card.tsx,2,0.250000
components/referral-program.tsx,components/ui/stat-icon.tsx,2,0.250000
components/referral-program.tsx,components/wallet-action-modal.tsx,3,0.272727
components/referral-program.tsx,components/wallet-overview-modal.tsx,3,0.300000
components/referral-program.tsx,styles/deposit-funds-modal.module.css,4,0.333333
components/referral-program.tsx,styles/place-bet-modal.module.css,4,0.444444
components/referral-program.tsx,styles/starrush.module.css,4,0.200000
components/referral-program.tsx,theme/colors.ts,2,0.333333
components/settings-menu.tsx,components/staking-content.tsx,4,0.173913
components/settings-menu.tsx,components/top-hud.tsx,3,0.230769
components/settings-menu.tsx,components/ui/bottom-nav-shell.tsx,2,0.200000
components/settings-menu.tsx,components/ui/glass-segmented-control.tsx,4,0.400000
components/settings-menu.tsx,components/ui/primary-button.tsx,2,0.333333
components/settings-menu.tsx,components/ui/secondary-button.tsx,2,0.400000
components/settings-menu.tsx,components/ui/stat-card.tsx,2,0.285714
components/settings-menu.tsx,components/ui/stat-icon.tsx,2,0.285714
components/settings-menu.tsx,components/wallet-action-modal.tsx,4,0.444444
components/settings-menu.tsx,components/wallet-overview-modal.tsx,4,0.500000
components/settings-menu.tsx,styles/deposit-funds-modal.module.css,4,0.363636
components/settings-menu.tsx,styles/place-bet-modal.module.css,4,0.500000
components/settings-menu.tsx,styles/staking-safe.module.css,3,0.150000
components/settings-menu.tsx,styles/starrush.module.css,5,0.277778
components/settings-menu.tsx,theme/colors.ts,2,0.400000
components/staking-content.tsx,components/ui/bottom-nav-shell.tsx,4,0.160000
components/staking-content.tsx,components/ui/glass-segmented-control.tsx,6,0.240000
components/staking-content.tsx,components/ui/primary-button.tsx,3,0.136364
components/staking-content.tsx,components/ui/secondary-button.tsx,2,0.090909
components/staking-content.tsx,components/ui/stat-card.tsx,4,0.181818
components/staking-content.tsx,components/ui/stat-icon.tsx,4,0.181818
components/staking-content.tsx,theme/colors.ts,2,0.090909
components/top-hud.tsx,components/ui/bottom-nav-shell.tsx,2,0.125000
components/top-hud.tsx,components/ui/glass-segmented-control.tsx,3,0.176471
components/top-hud.tsx,components/ui/primary-button.tsx,3,0.272727
components/top-hud.tsx,components/ui/secondary-button.tsx,2,0.181818
components/top-hud.tsx,components/ui/stat-card.tsx,2,0.153846
components/top-hud.tsx,components/ui/stat-icon.tsx,2,0.153846
components/top-hud.tsx,components/wallet-action-modal.tsx,3,0.187500
components/top-hud.tsx,theme/colors.ts,2,0.181818
components/ui/bottom-nav-shell.tsx,components/ui/primary-button.tsx,2,0.250000
components/ui/bottom-nav-shell.tsx,components/ui/secondary-button.tsx,2,0.285714
components/ui/bottom-nav-shell.tsx,components/ui/stat-card.tsx,4,0.571429
components/ui/bottom-nav-shell.tsx,components/ui/stat-icon.tsx,4,0.571429
components/ui/bottom-nav-shell.tsx,components/wallet-action-modal.tsx,4,0.363636
components/ui/bottom-nav-shell.tsx,components/wallet-overview-modal.tsx,4,0.400000
components/ui/bottom-nav-shell.tsx,styles/deposit-funds-modal.module.css,4,0.307692
components/ui/bottom-nav-shell.tsx,styles/place-bet-modal.module.css,2,0.166667
components/ui/bottom-nav-shell.tsx,styles/staking-safe.module.css,4,0.190476
components/ui/bottom-nav-shell.tsx,styles/starrush.module.css,4,0.190476
components/ui/bottom-nav-shell.tsx,theme/colors.ts,2,0.285714
components/ui/glass-segmented-control.tsx,components/ui/primary-button.tsx,2,0.200000
components/ui/glass-segmented-control.tsx,components/wallet-action-modal.tsx,3,0.214286
components/ui/glass-segmented-control.tsx,components/wallet-overview-modal.tsx,3,0.230769
components/ui/glass-segmented-control.tsx,styles/deposit-funds-modal.module.css,5,0.357143
components/ui/glass-segmented-control.tsx,styles/place-bet-modal.module.css,5,0.454545
components/ui/glass-segmented-control.tsx,styles/staking-safe.module.css,5,0.227273
components/ui/glass-segmented-control.tsx,styles/starrush.module.css,5,0.227273
components/ui/primary-button.tsx,components/ui/secondary-button.tsx,2,0.666667
components/ui/primary-button.tsx,components/ui/stat-card.tsx,2,0.400000
components/ui/primary-button.tsx,components/ui/stat-icon.tsx,2,0.400000
components/ui/primary-button.tsx,components/wallet-action-modal.tsx,2,0.222222
components/ui/primary-button.tsx,components/wallet-overview-modal.tsx,2,0.250000
components/ui/primary-button.tsx,styles/deposit-funds-modal.module.css,3,0.300000
components/ui/primary-button.tsx,styles/place-bet-modal.module.css,3,0.428571
components/ui/primary-button.tsx,styles/staking-safe.module.css,3,0.166667
components/ui/primary-button.tsx,styles/starrush.module.css,3,0.166667
components/ui/primary-button.tsx,theme/colors.ts,2,0.666667
components/ui/secondary-button.tsx,components/ui/stat-card.tsx,2,0.500000
components/ui/secondary-button.tsx,components/ui/stat-icon.tsx,2,0.500000
components/ui/secondary-button.tsx,components/wallet-action-modal.tsx,2,0.250000
components/ui/secondary-button.tsx,components/wallet-overview-modal.tsx,2,0.285714
components/ui/secondary-button.tsx,styles/deposit-funds-modal.module.css,2,0.200000
components/ui/secondary-button.tsx,styles/place-bet-modal.module.css,2,0.285714
components/ui/secondary-button.tsx,styles/staking-safe.module.css,2,0.111111
components/ui/secondary-button.tsx,styles/starrush.module.css,2,0.111111
components/ui/secondary-button.tsx,theme/colors.ts,2,1.000000
components/ui/stat-card.tsx,components/ui/stat-icon.tsx,4,1.000000
components/ui/stat-card.tsx,components/wallet-action-modal.tsx,4,0.500000
components/ui/stat-card.tsx,components/wallet-overview-modal.tsx,4,0.571429
components/ui/stat-card.tsx,styles/deposit-funds-modal.module.css,4,0.400000
components/ui/stat-card.tsx,styles/place-bet-modal.module.css,2,0.222222
components/ui/stat-card.tsx,styles/staking-safe.module.css,4,0.222222
components/ui/stat-card.tsx,styles/starrush.module.css,4,0.222222
components/ui/stat-card.tsx,theme/colors.ts,2,0.500000
components/ui/stat-icon.tsx,components/wallet-action-modal.tsx,4,0.500000
components/ui/stat-icon.tsx,components/wallet-overview-modal.tsx,4,0.571429
components/ui/stat-icon.tsx,styles/deposit-funds-modal.module.css,4,0.400000
components/ui/stat-icon.tsx,styles/place-bet-modal.module.css,2,0.222222
components/ui/stat-icon.tsx,styles/staking-safe.module.css,4,0.222222
components/ui/stat-icon.tsx,styles/starrush.module.css,4,0.222222
components/ui/stat-icon.tsx,theme/colors.ts,2,0.500000
components/wallet-action-modal.tsx,components/wallet-overview-modal.tsx,6,0.666667
components/wallet-action-modal.tsx,styles/deposit-funds-modal.module.css,6,0.500000
components/wallet-action-modal.tsx,styles/place-bet-modal.module.css,4,0.363636
components/wallet-action-modal.tsx,styles/staking-safe.module.css,5,0.238095
components/wallet-action-modal.tsx,styles/starrush.module.css,6,0.300000
components/wallet-action-modal.tsx,theme/colors.ts,2,0.250000
components/wallet-overview-modal.tsx,styles/deposit-funds-modal.module.css,6,0.545455
components/wallet-overview-modal.tsx,styles/place-bet-modal.module.css,4,0.400000
components/wallet-overview-modal.tsx,theme/colors.ts,2,0.285714
styles/deposit-funds-modal.module.css,styles/starrush.module.css,8,0.400000
styles/deposit-funds-modal.module.css,theme/colors.ts,2,0.200000
styles/place-bet-modal.module.css,styles/starrush.module.css,5,0.250000
styles/place-bet-modal.module.css,theme/colors.ts,2,0.285714
styles/staking-safe.module.css,theme/colors.ts,2,0.111111
styles/starrush.module.css,theme/colors.ts,2,0.111111
app/globals.css,app/page.tsx,6,0.400000
app/globals.css,components/game/PlayersBetsList.tsx,2,0.153846
app/globals.css,components/stat-cards.tsx,5,0.384615
app/page.tsx,components/achievements.tsx,2,0.200000
app/page.tsx,components/action-buttons.tsx,3,0.250000
app/page.tsx,components/bets/PlaceBetModal.tsx,3,0.250000
app/page.tsx,components/bottom-navigation.tsx,5,0.384615
app/page.tsx,components/deposit-funds-modal.tsx,5,0.294118
app/page.tsx,components/game/PlayersBetsList.tsx,2,0.200000
app/page.tsx,components/game/StarRushPanel.tsx,2,0.117647
app/page.tsx,components/profile-header.tsx,3,0.300000
app/page.tsx,components/referral-program.tsx,3,0.250000
app/page.tsx,components/settings-menu.tsx,3,0.272727
app/page.tsx,components/staking-content.tsx,6,0.240000
app/page.tsx,components/stat-cards.tsx,5,0.500000
app/page.tsx,components/top-hud.tsx,5,0.333333
app/page.tsx,components/ui/glass-segmented-control.tsx,3,0.200000
app/page.tsx,components/wallet-action-modal.tsx,5,0.416667
app/page.tsx,components/wallet-overview-modal.tsx,5,0.454545
app/page.tsx,styles/deposit-funds-modal.module.css,7,0.583333
app/page.tsx,styles/place-bet-modal.module.css,4,0.333333
app/page.tsx,styles/starrush.module.css,8,0.421053
components/achievements.tsx,components/stat-cards.tsx,2,0.285714
components/action-buttons.tsx,components/game/PlayersBetsList.tsx,2,0.285714
components/action-buttons.tsx,components/stat-cards.tsx,3,0.333333
components/bets/PlaceBetModal.tsx,components/game/PlayersBetsList.tsx,2,0.285714
components/bets/PlaceBetModal.tsx,components/stat-cards.tsx,2,0.200000
components/bottom-navigation.tsx,components/stat-cards.tsx,4,0.363636
components/deposit-funds-modal.tsx,components/game/PlayersBetsList.tsx,2,0.142857
components/deposit-funds-modal.tsx,components/stat-cards.tsx,2,0.117647
components/game/PlayersBetsList.tsx,components/referral-program.tsx,2,0.285714
components/game/PlayersBetsList.tsx,components/stat-cards.tsx,2,0.285714
components/game/PlayersBetsList.tsx,components/ui/glass-segmented-control.tsx,2,0.200000
components/game/PlayersBetsList.tsx,styles/deposit-funds-modal.module.css,2,0.181818
components/game/PlayersBetsList.tsx,styles/place-bet-modal.module.css,2,0.250000
components/profile-header.tsx,components/stat-cards.tsx,2,0.250000
components/settings-menu.tsx,components/stat-cards.tsx,2,0.222222
components/stat-cards.tsx,components/top-hud.tsx,3,0.214286
components/stat-cards.tsx,components/ui/glass-segmented-control.tsx,2,0.153846
components/stat-cards.tsx,components/wallet-action-modal.tsx,4,0.400000
components/stat-cards.tsx,components/wallet-overview-modal.tsx,4,0.444444
components/stat-cards.tsx,styles/deposit-funds-modal.module.css,5,0.454545
components/stat-cards.tsx,styles/place-bet-modal.module.css,3,0.300000
components/stat-cards.tsx,styles/starrush.module.css,5,0.263158
.env.example,Dockerfile,2,0.133333
.env.example,app/api/auth/dev/route.ts,2,0.133333
.env.example,app/api/auth/telegram/route.ts,2,0.125000
.env.example,app/api/dev/treasury/fund/route.ts,2,0.133333
.env.example,app/api/ledger/internal/create/route.ts,2,0.142857
.env.example,app/api/payments/ton/reconcile/route.ts,3,0.214286
.env.example,app/api/telegram/webhook/route.ts,2,0.133333
.env.example,gateway/server.ts,2,0.142857
.env.example,lib/rate-limit.ts,2,0.142857
.env.example,next.config.ts,2,0.142857
.env.example,prisma/schema.prisma,2,0.133333
.env.example,services/game-round.service.ts,2,0.142857
.env.example,services/game-settlement.service.ts,3,0.200000
.env.example,workers/round-worker.ts,5,0.357143
Dockerfile,app/api/auth/dev/route.ts,2,0.500000
Dockerfile,docs/deploy-vds.md,2,0.285714
Dockerfile,next.config.ts,2,0.666667
Dockerfile,services/game-round.service.ts,2,0.666667
Dockerfile,workers/round-worker.ts,2,0.333333
app/api/auth/dev/route.ts,app/api/dev/treasury/fund/route.ts,2,0.500000
app/api/auth/dev/route.ts,app/api/wallets/deposit/route.ts,2,0.666667
app/api/auth/dev/route.ts,app/api/wallets/withdraw/route.ts,2,0.666667
app/api/auth/dev/route.ts,docs/deploy-vds.md,2,0.285714
app/api/auth/dev/route.ts,next.config.ts,2,0.666667
app/api/auth/dev/route.ts,services/game-round.service.ts,2,0.666667
app/api/auth/dev/route.ts,workers/round-worker.ts,2,0.333333
app/api/auth/telegram/route.ts,app/api/dev/treasury/fund/route.ts,2,0.400000
app/api/auth/telegram/route.ts,app/api/ledger/internal/create/route.ts,2,0.500000
app/api/auth/telegram/route.ts,app/api/payments/ton/reconcile/route.ts,2,0.400000
app/api/auth/telegram/route.ts,gateway/server.ts,2,0.500000
app/api/auth/telegram/route.ts,lib/rate-limit.ts,2,0.500000
app/api/auth/telegram/route.ts,lib/referrals.ts,3,0.750000
app/api/auth/telegram/route.ts,services/game-settlement.service.ts,2,0.333333
app/api/auth/telegram/route.ts,workers/round-worker.ts,2,0.285714
app/api/dev/treasury/fund/route.ts,app/api/ledger/internal/create/route.ts,2,0.666667
app/api/dev/treasury/fund/route.ts,app/api/payments/ton/reconcile/route.ts,2,0.500000
app/api/dev/treasury/fund/route.ts,app/api/wallets/deposit/route.ts,2,0.666667
app/api/dev/treasury/fund/route.ts,app/api/wallets/withdraw/route.ts,2,0.666667
app/api/dev/treasury/fund/route.ts,gateway/server.ts,2,0.666667
app/api/dev/treasury/fund/route.ts,lib/rate-limit.ts,2,0.666667
app/api/dev/treasury/fund/route.ts,services/game-settlement.service.ts,2,0.400000
app/api/dev/treasury/fund/route.ts,workers/round-worker.ts,2,0.333333
app/api/ledger/internal/create/route.ts,app/api/payments/ton/reconcile/route.ts,2,0.666667
app/api/ledger/internal/create/route.ts,gateway/server.ts,2,1.000000
app/api/ledger/internal/create/route.ts,lib/rate-limit.ts,2,1.000000
app/api/ledger/internal/create/route.ts,services/game-settlement.service.ts,2,0.500000
app/api/ledger/internal/create/route.ts,workers/round-worker.ts,2,0.400000
app/api/payments/ton/reconcile/route.ts,app/api/telegram/webhook/route.ts,2,0.500000
app/api/payments/ton/reconcile/route.ts,gateway/server.ts,2,0.666667
app/api/payments/ton/reconcile/route.ts,lib/rate-limit.ts,2,0.666667
app/api/payments/ton/reconcile/route.ts,prisma/schema.prisma,2,0.500000
app/api/payments/ton/reconcile/route.ts,services/game-settlement.service.ts,2,0.400000
app/api/payments/ton/reconcile/route.ts,workers/round-worker.ts,2,0.333333
app/api/telegram/webhook/route.ts,prisma/schema.prisma,2,0.500000
app/api/wallets/deposit/route.ts,app/api/wallets/withdraw/route.ts,2,1.000000
docs/deploy-vds.md,next.config.ts,2,0.333333
docs/deploy-vds.md,services/game-round.service.ts,2,0.333333
docs/deploy-vds.md,workers/round-worker.ts,2,0.222222
gateway/server.ts,lib/rate-limit.ts,2,1.000000
gateway/server.ts,services/game-settlement.service.ts,2,0.500000
gateway/server.ts,workers/round-worker.ts,2,0.400000
lib/rate-limit.ts,services/game-settlement.service.ts,2,0.500000
lib/rate-limit.ts,workers/round-worker.ts,2,0.400000
next.config.ts,services/game-round.service.ts,2,1.000000
next.config.ts,workers/round-worker.ts,2,0.400000
services/game-round.service.ts,workers/round-worker.ts,2,0.400000
services/game-settlement.service.ts,workers/round-worker.ts,3,0.500000
.env.example,lib/payments/ton-reconcile.service.ts,2,0.133333
.env.example,lib/payments/ton.service.ts,2,0.133333
components/deposit-funds-modal.tsx,lib/payments/ton-reconcile.service.ts,3,0.230769
components/deposit-funds-modal.tsx,lib/payments/ton.service.ts,3,0.230769
components/deposit-funds-modal.tsx,scripts/ton_reconcile_comment_unit_test.ts,2,0.153846
lib/payments/ton-reconcile.service.ts,lib/payments/ton.service.ts,3,1.000000
lib/payments/ton-reconcile.service.ts,scripts/ton_reconcile_comment_unit_test.ts,2,0.666667
lib/payments/ton.service.ts,scripts/ton_reconcile_comment_unit_test.ts,2,0.666667
app/api/payments/ton/intent/route.ts,lib/payments/config.ts,3,1.000000
app/api/payments/intents/[id]/route.ts,app/api/payments/ton/intent/route.ts,2,0.666667
app/api/payments/intents/[id]/route.ts,components/deposit-funds-modal.tsx,2,0.153846
app/api/payments/intents/[id]/route.ts,lib/payments/config.ts,2,0.666667
app/api/payments/intents/[id]/route.ts,lib/payments/deposit-credit.service.ts,2,0.666667
app/api/payments/intents/[id]/route.ts,lib/payments/intents.service.ts,2,1.000000
app/api/payments/intents/[id]/route.ts,lib/payments/ton-reconcile.service.ts,2,0.666667
app/api/payments/intents/[id]/route.ts,lib/payments/ton.service.ts,2,0.666667
app/api/payments/ton/intent/route.ts,components/deposit-funds-modal.tsx,2,0.142857
app/api/payments/ton/intent/route.ts,lib/payments/deposit-credit.service.ts,2,0.500000
app/api/payments/ton/intent/route.ts,lib/payments/intents.service.ts,2,0.666667
app/api/payments/ton/intent/route.ts,lib/payments/ton-reconcile.service.ts,2,0.500000
app/api/payments/ton/intent/route.ts,lib/payments/ton.service.ts,2,0.500000
components/deposit-funds-modal.tsx,lib/payments/config.ts,2,0.142857
components/deposit-funds-modal.tsx,lib/payments/deposit-credit.service.ts,2,0.142857
components/deposit-funds-modal.tsx,lib/payments/intents.service.ts,2,0.153846
lib/payments/config.ts,lib/payments/deposit-credit.service.ts,2,0.500000
lib/payments/config.ts,lib/payments/intents.service.ts,2,0.666667
lib/payments/config.ts,lib/payments/ton-reconcile.service.ts,2,0.500000
lib/payments/config.ts,lib/payments/ton.service.ts,2,0.500000
lib/payments/deposit-credit.service.ts,lib/payments/intents.service.ts,2,0.666667
lib/payments/deposit-credit.service.ts,lib/payments/ton-reconcile.service.ts,2,0.500000
lib/payments/deposit-credit.service.ts,lib/payments/ton.service.ts,2,0.500000
lib/payments/intents.service.ts,lib/payments/ton-reconcile.service.ts,2,0.666667
lib/payments/intents.service.ts,lib/payments/ton.service.ts,2,0.666667
.env.example,app/api/tonconnect/manifest/route.ts,2,0.142857
.env.example,app/layout.tsx,3,0.200000
.env.example,components/providers/tonconnect-provider.tsx,3,0.214286
app/api/tonconnect/manifest/route.ts,app/layout.tsx,2,0.500000
app/api/tonconnect/manifest/route.ts,components/providers/tonconnect-provider.tsx,2,0.666667
app/layout.tsx,components/providers/tonconnect-provider.tsx,2,0.400000
app/api/auth/telegram/route.ts,scripts/referrals_unit_test.ts,2,0.500000
lib/referrals.ts,scripts/referrals_unit_test.ts,2,0.666667
docs/deploy-vds.md,infra/deploy/update-from-git.sh,2,0.333333
.env.example,docker-compose.yml,3,0.176471
.env.example,infra/caddy/Caddyfile,2,0.142857
docker-compose.yml,infra/caddy/Caddyfile,2,0.333333
docker-compose.yml,workers/round-worker.ts,2,0.222222
infra/caddy/Caddyfile,workers/round-worker.ts,2,0.400000
.env.example,package.json,5,0.333333
package.json,workers/round-worker.ts,2,0.222222
README.md,docker-compose.yml,4,0.500000
docker-compose.yml,infra/deploy/deploy-vds.sh,5,0.714286
app/globals.css,components/top-panel.tsx,2,0.133333
app/globals.css,docs/todo.md,3,0.214286
app/page.tsx,components/top-panel.tsx,3,0.272727
app/page.tsx,components/ui/bottom-nav-shell.tsx,3,0.230769
app/page.tsx,components/ui/primary-button.tsx,2,0.200000
app/page.tsx,components/ui/stat-card.tsx,3,0.300000
app/page.tsx,components/ui/stat-icon.tsx,3,0.300000
app/page.tsx,docs/todo.md,3,0.272727
app/page.tsx,styles/staking-safe.module.css,6,0.285714
components/action-buttons.tsx,components/top-panel.tsx,2,0.222222
components/bottom-navigation.tsx,docs/todo.md,3,0.272727
components/referral-program.tsx,components/top-panel.tsx,2,0.222222
components/staking-content.tsx,components/top-panel.tsx,2,0.080000
components/staking-content.tsx,docs/todo.md,4,0.173913
components/stat-cards.tsx,components/top-panel.tsx,2,0.222222
components/stat-cards.tsx,components/ui/bottom-nav-shell.tsx,3,0.300000
components/stat-cards.tsx,components/ui/primary-button.tsx,2,0.285714
components/stat-cards.tsx,components/ui/stat-card.tsx,3,0.428571
components/stat-cards.tsx,components/ui/stat-icon.tsx,3,0.428571
components/stat-cards.tsx,docs/todo.md,3,0.375000
components/top-hud.tsx,components/top-panel.tsx,5,0.454545
components/top-panel.tsx,components/ui/primary-button.tsx,2,0.333333
components/top-panel.tsx,styles/deposit-funds-modal.module.css,2,0.153846
components/top-panel.tsx,styles/place-bet-modal.module.css,2,0.200000
components/top-panel.tsx,styles/staking-safe.module.css,2,0.095238
components/top-panel.tsx,styles/starrush.module.css,5,0.277778
components/ui/bottom-nav-shell.tsx,docs/todo.md,3,0.333333
components/ui/stat-card.tsx,docs/todo.md,3,0.500000
components/ui/stat-icon.tsx,docs/todo.md,3,0.500000
components/wallet-action-modal.tsx,docs/todo.md,3,0.300000
components/wallet-overview-modal.tsx,docs/todo.md,3,0.333333
docs/todo.md,styles/deposit-funds-modal.module.css,3,0.250000
docs/todo.md,styles/staking-safe.module.css,3,0.150000
docs/todo.md,styles/starrush.module.css,3,0.150000
.env.example,components/ui/glass-segmented-control.tsx,2,0.095238
components/providers/tonconnect-provider.tsx,package.json,2,0.285714
components/deposit-funds-modal.tsx,components/top-panel.tsx,2,0.125000
app/api/telegram/webhook/route.ts,lib/payments/deposit-credit.service.ts,2,0.500000
app/api/telegram/webhook/route.ts,lib/payments/utils.ts,2,0.666667
lib/payments/deposit-credit.service.ts,lib/payments/utils.ts,2,0.666667
.env.example,infra/deploy/deploy-vds.sh,2,0.111111
README.md,package.json,2,0.200000
docker-compose.yml,docs/deploy-vds.md,2,0.200000
docker-compose.yml,package.json,2,0.200000
docs/deploy-vds.md,package.json,2,0.200000
infra/deploy/deploy-vds.sh,package.json,2,0.200000
components/deposit-funds-modal.tsx,lib/payments/stars.service.ts,2,0.153846
docker-compose.yml,docs/todo.md,2,0.222222
docs/todo.md,infra/deploy/deploy-vds.sh,2,0.222222
