file_id,path,first_seen,last_seen,commit_count,touches,bus_factor,sensitivity_score,sensitivity_tags
.dockerignore,.dockerignore,2026-02-22T17:27:06+04:00,2026-02-22T17:27:06+04:00,1,1,1,0.00,
.editorconfig,.editorconfig,2026-02-21T19:21:44+04:00,2026-02-21T19:21:44+04:00,1,1,1,0.00,
.env.example,.env.example,2026-02-21T19:21:44+04:00,2026-03-22T15:07:50+04:00,19,19,1,0.00,
.github/workflows/ci.yml,.github/workflows/ci.yml,2026-03-01T21:04:47+04:00,2026-03-02T01:21:57+04:00,3,3,1,0.00,
.github/workflows/deploy-vds.yml,.github/workflows/deploy-vds.yml,2026-02-22T17:27:06+04:00,2026-03-01T22:17:55+04:00,6,6,1,0.00,
.gitignore,.gitignore,2026-02-21T19:21:44+04:00,2026-02-21T19:21:44+04:00,1,1,1,0.00,
Dockerfile,Dockerfile,2026-02-22T17:27:06+04:00,2026-03-03T18:32:42+04:00,3,3,1,0.00,
README.md,README.md,2026-02-21T19:21:44+04:00,2026-03-07T19:37:02+04:00,8,8,2,0.00,
app/(game)/crash/page.tsx,app/(game)/crash/page.tsx,2026-03-07T17:30:32+04:00,2026-03-07T17:30:32+04:00,1,1,1,0.00,
app/(game)/layout.tsx,app/(game)/layout.tsx,2026-03-07T17:30:32+04:00,2026-03-07T17:30:32+04:00,1,1,1,0.00,
app/(game)/page.tsx,app/(game)/page.tsx,2026-03-07T17:30:32+04:00,2026-03-22T15:07:50+04:00,7,7,1,0.00,
app/(game)/rush/page.tsx,app/(game)/rush/page.tsx,2026-03-07T17:30:32+04:00,2026-03-07T17:30:32+04:00,1,1,1,0.00,
app/admin/(protected)/data/page.tsx,app/admin/(protected)/data/page.tsx,2026-03-07T17:30:32+04:00,2026-03-07T22:43:48+04:00,3,3,1,0.00,
app/admin/(protected)/events/page.tsx,app/admin/(protected)/events/page.tsx,2026-03-07T17:30:32+04:00,2026-03-07T17:30:32+04:00,1,1,1,0.00,
app/admin/(protected)/layout.tsx,app/admin/(protected)/layout.tsx,2026-03-07T17:30:32+04:00,2026-03-07T17:30:32+04:00,1,1,1,0.00,
app/admin/(protected)/page.tsx,app/admin/(protected)/page.tsx,2026-03-07T17:30:32+04:00,2026-03-09T19:54:33+04:00,2,2,1,0.00,
app/admin/(protected)/payments/page.tsx,app/admin/(protected)/payments/page.tsx,2026-03-07T17:30:32+04:00,2026-03-07T17:30:32+04:00,1,1,1,0.00,
app/admin/(protected)/rounds/page.tsx,app/admin/(protected)/rounds/page.tsx,2026-03-07T17:30:32+04:00,2026-03-07T17:30:32+04:00,1,1,1,0.00,
app/admin/(protected)/users/[id]/page.tsx,app/admin/(protected)/users/[id]/page.tsx,2026-03-07T17:30:32+04:00,2026-03-07T17:30:32+04:00,1,1,1,0.00,
app/admin/(protected)/users/page.tsx,app/admin/(protected)/users/page.tsx,2026-03-07T17:30:32+04:00,2026-03-07T17:30:32+04:00,1,1,1,0.00,
app/admin/layout.tsx,app/admin/layout.tsx,2026-03-07T17:30:32+04:00,2026-03-07T17:30:32+04:00,1,1,1,0.00,
app/admin/login/page.tsx,app/admin/login/page.tsx,2026-03-07T17:30:32+04:00,2026-03-07T17:30:32+04:00,1,1,1,0.00,
app/api/admin/audit/route.ts,app/api/admin/audit/route.ts,2026-03-07T17:30:32+04:00,2026-03-07T17:30:32+04:00,1,1,1,0.00,
app/api/admin/auth/nonce/route.ts,app/api/admin/auth/nonce/route.ts,2026-03-07T17:30:32+04:00,2026-03-07T17:30:32+04:00,1,1,1,1.00,auth
app/api/admin/auth/telegram/route.ts,app/api/admin/auth/telegram/route.ts,2026-03-07T17:30:32+04:00,2026-03-07T18:49:17+04:00,2,2,1,1.00,auth
app/api/admin/dashboard/route.ts,app/api/admin/dashboard/route.ts,2026-03-07T17:30:32+04:00,2026-03-07T17:30:32+04:00,1,1,1,0.00,
app/api/admin/events/route.ts,app/api/admin/events/route.ts,2026-03-07T17:30:32+04:00,2026-03-07T17:30:32+04:00,1,1,1,0.00,
app/api/admin/logout/route.ts,app/api/admin/logout/route.ts,2026-03-07T17:30:32+04:00,2026-03-07T17:30:32+04:00,1,1,1,0.00,
app/api/admin/payments/route.ts,app/api/admin/payments/route.ts,2026-03-07T17:30:32+04:00,2026-03-07T17:30:32+04:00,1,1,1,0.00,
app/api/admin/rounds/route.ts,app/api/admin/rounds/route.ts,2026-03-07T17:30:32+04:00,2026-03-07T17:30:32+04:00,1,1,1,0.00,
app/api/admin/staking/pools/[assetId]/route.ts,app/api/admin/staking/pools/[assetId]/route.ts,2026-03-09T19:54:33+04:00,2026-03-09T19:54:33+04:00,1,1,1,0.00,
app/api/admin/studio/route.ts,app/api/admin/studio/route.ts,2026-03-07T17:30:32+04:00,2026-03-07T21:11:27+04:00,4,4,1,0.00,
app/api/admin/treasury-adjustments/route.ts,app/api/admin/treasury-adjustments/route.ts,2026-03-07T17:30:32+04:00,2026-03-07T17:30:32+04:00,1,1,1,0.00,
app/api/admin/users/[id]/route.ts,app/api/admin/users/[id]/route.ts,2026-03-07T17:30:32+04:00,2026-03-07T17:30:32+04:00,1,1,1,0.00,
app/api/admin/users/route.ts,app/api/admin/users/route.ts,2026-03-07T17:30:32+04:00,2026-03-07T17:30:32+04:00,1,1,1,0.00,
app/api/admin/wallet-adjustments/route.ts,app/api/admin/wallet-adjustments/route.ts,2026-03-07T17:30:32+04:00,2026-03-07T17:30:32+04:00,1,1,1,0.00,
app/api/auth/dev/route.ts,app/api/auth/dev/route.ts,2026-02-21T19:21:44+04:00,2026-03-03T18:32:42+04:00,4,4,1,1.00,auth
app/api/auth/telegram/route.ts,app/api/auth/telegram/route.ts,2026-02-21T19:21:44+04:00,2026-03-03T18:32:42+04:00,5,5,1,1.00,auth
app/api/dev/treasury/fund/route.ts,app/api/dev/treasury/fund/route.ts,2026-02-21T19:21:44+04:00,2026-03-03T18:32:42+04:00,4,4,1,0.00,
app/api/game/bet/route.ts,app/api/game/bet/route.ts,2026-02-21T19:21:44+04:00,2026-03-09T19:54:33+04:00,2,2,1,0.00,
app/api/game/cashout/route.ts,app/api/game/cashout/route.ts,2026-02-21T19:21:44+04:00,2026-02-21T19:21:44+04:00,1,1,1,0.00,
app/api/game/round/current/route.ts,app/api/game/round/current/route.ts,2026-02-21T19:21:44+04:00,2026-02-21T19:21:44+04:00,1,1,1,0.00,
app/api/gifts/stub/route.ts,app/api/gifts/stub/route.ts,2026-02-23T13:04:38+04:00,2026-02-23T13:04:38+04:00,1,1,1,0.00,
app/api/health/live/route.ts,app/api/health/live/route.ts,2026-03-01T21:04:47+04:00,2026-03-01T21:04:47+04:00,1,1,1,0.00,
app/api/health/ready/route.ts,app/api/health/ready/route.ts,2026-03-01T21:04:47+04:00,2026-03-01T21:04:47+04:00,1,1,1,0.00,
app/api/ledger/history/route.ts,app/api/ledger/history/route.ts,2026-02-21T19:21:44+04:00,2026-02-21T19:21:44+04:00,1,1,1,0.00,
app/api/ledger/internal/create/route.ts,app/api/ledger/internal/create/route.ts,2026-02-21T19:21:44+04:00,2026-03-03T18:32:42+04:00,3,3,1,0.00,
app/api/payments/intents/[id]/route.ts,app/api/payments/intents/[id]/route.ts,2026-02-23T13:04:38+04:00,2026-03-02T20:00:37+04:00,2,2,1,0.00,
app/api/payments/stars/invoice/route.ts,app/api/payments/stars/invoice/route.ts,2026-02-23T13:04:38+04:00,2026-02-23T13:04:38+04:00,1,1,1,0.00,
app/api/payments/ton/cancel/route.ts,app/api/payments/ton/cancel/route.ts,2026-03-03T17:25:41+04:00,2026-03-03T17:25:41+04:00,1,1,1,0.00,
app/api/payments/ton/intent/route.ts,app/api/payments/ton/intent/route.ts,2026-02-23T13:04:38+04:00,2026-03-03T16:41:44+04:00,3,3,1,0.00,
app/api/payments/ton/reconcile/route.ts,app/api/payments/ton/reconcile/route.ts,2026-02-23T13:04:38+04:00,2026-03-03T18:32:42+04:00,3,3,1,0.00,
app/api/payments/ton/submit/route.ts,app/api/payments/ton/submit/route.ts,2026-02-23T13:04:38+04:00,2026-02-23T13:04:38+04:00,1,1,1,0.00,
app/api/referrals/summary/route.ts,app/api/referrals/summary/route.ts,2026-02-21T19:21:44+04:00,2026-02-21T19:21:44+04:00,1,1,1,0.00,
app/api/staking/claim/route.ts,app/api/staking/claim/route.ts,2026-03-09T19:54:33+04:00,2026-03-09T19:54:33+04:00,1,1,1,0.00,
app/api/staking/leaderboard/route.ts,app/api/staking/leaderboard/route.ts,2026-02-23T01:12:21+04:00,2026-03-09T20:36:02+04:00,3,3,1,0.00,
app/api/staking/overview/route.ts,app/api/staking/overview/route.ts,2026-03-09T19:54:33+04:00,2026-03-09T19:54:33+04:00,1,1,1,0.00,
app/api/staking/stake/route.ts,app/api/staking/stake/route.ts,2026-03-09T19:54:33+04:00,2026-03-09T19:54:33+04:00,1,1,1,0.00,
app/api/staking/unstake/route.ts,app/api/staking/unstake/route.ts,2026-03-09T19:54:33+04:00,2026-03-09T19:54:33+04:00,1,1,1,0.00,
app/api/telegram/auth/route.ts,app/api/telegram/auth/route.ts,2026-02-21T19:21:44+04:00,2026-02-21T19:21:44+04:00,1,1,1,1.00,auth
app/api/telegram/webhook/route.ts,app/api/telegram/webhook/route.ts,2026-02-23T13:04:38+04:00,2026-03-03T18:32:42+04:00,3,3,1,0.00,
app/api/tonconnect/manifest/route.ts,app/api/tonconnect/manifest/route.ts,2026-02-23T13:04:38+04:00,2026-03-02T17:29:50+04:00,2,2,1,0.00,
app/api/tonconnect/wallets-v2/route.ts,app/api/tonconnect/wallets-v2/route.ts,2026-02-24T17:37:43+04:00,2026-02-24T17:37:43+04:00,1,1,1,0.00,
app/api/wallets/balance/route.ts,app/api/wallets/balance/route.ts,2026-02-21T19:21:44+04:00,2026-02-21T19:21:44+04:00,1,1,1,0.00,
app/api/wallets/deposit/route.ts,app/api/wallets/deposit/route.ts,2026-02-21T19:21:44+04:00,2026-03-03T18:32:42+04:00,3,3,1,0.00,
app/api/wallets/route.ts,app/api/wallets/route.ts,2026-02-21T19:21:44+04:00,2026-02-21T19:21:44+04:00,1,1,1,0.00,
app/api/wallets/withdraw/route.ts,app/api/wallets/withdraw/route.ts,2026-02-21T19:21:44+04:00,2026-03-03T18:32:42+04:00,3,3,1,0.00,
app/crash/page.tsx,app/crash/page.tsx,2026-02-21T19:21:44+04:00,2026-03-07T17:30:32+04:00,3,3,1,0.00,
app/favicon.ico,app/favicon.ico,2026-02-21T19:21:44+04:00,2026-02-21T19:21:44+04:00,1,1,1,0.00,
app/globals.css,app/globals.css,2026-02-21T19:21:44+04:00,2026-03-06T20:31:44+04:00,13,13,1,0.00,
app/layout.tsx,app/layout.tsx,2026-02-21T19:21:44+04:00,2026-03-07T17:30:32+04:00,6,6,1,0.00,
app/page.tsx,app/page.tsx,2026-02-21T19:21:44+04:00,2026-03-07T17:30:32+04:00,13,13,2,0.00,
app/rush/page.tsx,app/rush/page.tsx,2026-02-21T19:21:44+04:00,2026-03-07T17:30:32+04:00,3,3,1,0.00,
app/tonconnect-manifest.json/route.ts,app/tonconnect-manifest.json/route.ts,2026-03-02T17:29:50+04:00,2026-03-02T17:29:50+04:00,1,1,1,0.00,
components.json,components.json,2026-02-21T19:21:44+04:00,2026-02-21T19:21:44+04:00,1,1,1,0.00,
components/achievements.tsx,components/achievements.tsx,2026-02-21T19:21:44+04:00,2026-03-06T18:37:26+04:00,4,4,1,0.00,
components/action-buttons.tsx,components/action-buttons.tsx,2026-02-21T19:21:44+04:00,2026-03-06T20:31:44+04:00,7,7,1,0.00,
components/admin/admin-csrf-provider.tsx,components/admin/admin-csrf-provider.tsx,2026-03-07T17:30:32+04:00,2026-03-07T17:30:32+04:00,1,1,1,0.00,
components/admin/admin-login-panel.tsx,components/admin/admin-login-panel.tsx,2026-03-07T17:30:32+04:00,2026-03-07T17:30:32+04:00,1,1,1,0.00,
components/admin/admin-logout-button.tsx,components/admin/admin-logout-button.tsx,2026-03-07T17:30:32+04:00,2026-03-07T17:30:32+04:00,1,1,1,0.00,
components/admin/admin-staking-pool-form.tsx,components/admin/admin-staking-pool-form.tsx,2026-03-09T19:54:33+04:00,2026-03-09T19:54:33+04:00,1,1,1,0.00,
components/admin/admin-treasury-adjustment-form.tsx,components/admin/admin-treasury-adjustment-form.tsx,2026-03-07T17:30:32+04:00,2026-03-07T17:30:32+04:00,1,1,1,0.00,
components/admin/admin-wallet-adjustment-form.tsx,components/admin/admin-wallet-adjustment-form.tsx,2026-03-07T17:30:32+04:00,2026-03-07T17:30:32+04:00,1,1,1,0.00,
components/admin/prisma-studio-panel.module.css,components/admin/prisma-studio-panel.module.css,2026-03-07T20:56:43+04:00,2026-03-07T20:56:43+04:00,1,1,1,0.00,
components/admin/prisma-studio-panel.tsx,components/admin/prisma-studio-panel.tsx,2026-03-07T17:30:32+04:00,2026-03-07T21:11:27+04:00,3,3,1,0.00,
components/app-bootstrap-splash.tsx,components/app-bootstrap-splash.tsx,2026-02-21T19:21:44+04:00,2026-03-04T20:55:28+04:00,2,2,1,0.00,
components/bets/PlaceBetModal.tsx,components/bets/PlaceBetModal.tsx,2026-02-21T19:21:44+04:00,2026-03-06T20:31:44+04:00,7,7,1,0.00,
components/bottom-navigation.tsx,components/bottom-navigation.tsx,2026-02-21T19:21:44+04:00,2026-03-07T13:48:20+04:00,11,11,1,0.00,
components/crash/CrashGame.tsx,components/crash/CrashGame.tsx,2026-02-21T19:21:44+04:00,2026-03-22T15:07:50+04:00,3,3,1,0.00,
components/deposit-funds-modal.tsx,components/deposit-funds-modal.tsx,2026-02-23T13:04:38+04:00,2026-03-22T15:07:50+04:00,14,14,1,0.00,
components/game/BetControls.tsx,components/game/BetControls.tsx,2026-02-21T19:21:44+04:00,2026-02-24T22:07:02+04:00,2,2,1,0.00,
components/game/CoefficientDisplay.tsx,components/game/CoefficientDisplay.tsx,2026-02-21T19:21:44+04:00,2026-03-09T20:36:02+04:00,4,4,1,0.00,
components/game/PlayersBetsList.tsx,components/game/PlayersBetsList.tsx,2026-02-21T19:21:44+04:00,2026-03-09T19:54:33+04:00,4,4,1,0.00,
components/game/RocketOverlay.tsx,components/game/RocketOverlay.tsx,2026-02-21T19:21:44+04:00,2026-02-21T19:21:44+04:00,1,1,1,0.00,
components/game/StarRushPanel.tsx,components/game/StarRushPanel.tsx,2026-02-21T19:21:44+04:00,2026-03-18T18:25:35+04:00,11,11,1,0.00,
components/game/StarRushSandboxPanel.tsx,components/game/StarRushSandboxPanel.tsx,2026-03-22T14:26:02+04:00,2026-03-22T15:07:50+04:00,2,2,1,0.00,
components/particle-background.tsx,components/particle-background.tsx,2026-02-21T19:21:44+04:00,2026-02-24T20:50:48+04:00,2,2,1,0.00,
components/profile-header.tsx,components/profile-header.tsx,2026-02-21T19:21:44+04:00,2026-03-06T18:37:26+04:00,5,5,1,0.00,
components/providers/tonconnect-provider.tsx,components/providers/tonconnect-provider.tsx,2026-02-23T13:04:38+04:00,2026-03-02T17:29:50+04:00,3,3,1,0.00,
components/referral-program.tsx,components/referral-program.tsx,2026-02-21T19:21:44+04:00,2026-03-09T20:36:02+04:00,7,7,1,0.00,
components/settings-menu.tsx,components/settings-menu.tsx,2026-02-21T19:21:44+04:00,2026-03-06T18:37:26+04:00,6,6,1,0.00,
components/staking-action-modal.tsx,components/staking-action-modal.tsx,2026-03-09T19:54:33+04:00,2026-03-09T19:54:33+04:00,1,1,1,0.00,
components/staking-content.tsx,components/staking-content.tsx,2026-02-21T19:21:44+04:00,2026-03-22T15:07:50+04:00,24,24,1,0.00,
components/stat-cards.tsx,components/stat-cards.tsx,2026-02-21T19:21:44+04:00,2026-03-09T20:36:02+04:00,7,7,1,0.00,
components/telegram-shell-theme.tsx,components/telegram-shell-theme.tsx,2026-03-06T18:37:26+04:00,2026-03-22T15:07:50+04:00,4,4,1,0.00,
components/top-hud.tsx,components/top-hud.tsx,2026-02-21T19:21:44+04:00,2026-03-10T19:18:42+04:00,13,13,1,0.00,
components/top-panel.tsx,components/top-panel.tsx,2026-02-21T19:21:44+04:00,2026-02-24T22:07:02+04:00,6,6,1,0.00,
components/ui/bottom-nav-shell.tsx,components/ui/bottom-nav-shell.tsx,2026-02-21T19:21:44+04:00,2026-03-07T13:48:20+04:00,8,8,1,0.00,
components/ui/chip.tsx,components/ui/chip.tsx,2026-02-21T19:21:44+04:00,2026-02-21T19:21:44+04:00,1,1,1,0.00,
components/ui/glass-card.tsx,components/ui/glass-card.tsx,2026-02-21T19:21:44+04:00,2026-02-24T22:07:02+04:00,2,2,1,0.00,
components/ui/glass-segmented-control.tsx,components/ui/glass-segmented-control.tsx,2026-02-24T00:46:20+04:00,2026-03-06T18:37:26+04:00,10,10,1,0.00,
components/ui/glass-sheet.tsx,components/ui/glass-sheet.tsx,2026-02-24T22:07:02+04:00,2026-02-24T22:07:02+04:00,1,1,1,0.00,
components/ui/primary-button.tsx,components/ui/primary-button.tsx,2026-02-21T19:21:44+04:00,2026-03-06T18:37:26+04:00,4,4,1,0.00,
components/ui/secondary-button.tsx,components/ui/secondary-button.tsx,2026-02-21T19:21:44+04:00,2026-03-06T18:37:26+04:00,3,3,1,0.00,
components/ui/stat-card.tsx,components/ui/stat-card.tsx,2026-02-21T19:21:44+04:00,2026-03-06T18:37:26+04:00,5,5,1,0.00,
components/ui/stat-icon.tsx,components/ui/stat-icon.tsx,2026-02-21T19:21:44+04:00,2026-03-06T18:37:26+04:00,5,5,1,0.00,
components/wallet-action-modal.tsx,components/wallet-action-modal.tsx,2026-02-21T19:21:44+04:00,2026-03-22T15:07:50+04:00,9,9,1,0.00,
components/wallet-overview-modal.tsx,components/wallet-overview-modal.tsx,2026-02-21T19:21:44+04:00,2026-03-09T19:54:33+04:00,8,8,1,0.00,
docker-compose.yml,docker-compose.yml,2026-02-21T19:21:44+04:00,2026-03-07T17:30:32+04:00,9,9,2,0.00,
docs/deploy-vds.md,docs/deploy-vds.md,2026-02-22T17:27:06+04:00,2026-03-07T19:37:02+04:00,7,7,1,0.00,
docs/dev_launch.md,docs/dev_launch.md,2026-03-18T18:25:35+04:00,2026-03-22T15:07:50+04:00,3,3,1,0.00,
docs/local-dev.md,docs/local-dev.md,2026-03-18T18:25:35+04:00,2026-03-18T18:25:35+04:00,1,1,1,0.00,
docs/todo.md,docs/todo.md,2026-02-21T19:21:44+04:00,2026-02-24T22:07:02+04:00,6,6,1,0.00,
eslint.config.mjs,eslint.config.mjs,2026-02-21T19:21:44+04:00,2026-03-03T18:32:42+04:00,2,2,1,0.00,
game/RoundEngine.ts,game/RoundEngine.ts,2026-02-21T19:21:44+04:00,2026-03-09T19:54:33+04:00,3,3,1,0.00,
game/StarRushGame.ts,game/StarRushGame.ts,2026-02-21T19:21:44+04:00,2026-03-01T15:23:06+04:00,3,3,1,0.00,
game/planetConfig.ts,game/planetConfig.ts,2026-02-21T19:21:44+04:00,2026-02-21T19:21:44+04:00,1,1,1,0.00,
game/types.ts,game/types.ts,2026-02-21T19:21:44+04:00,2026-03-09T19:54:33+04:00,2,2,1,0.00,
gateway/auth/ws-auth.ts,gateway/auth/ws-auth.ts,2026-02-21T19:21:44+04:00,2026-02-21T19:21:44+04:00,1,1,1,1.00,auth
gateway/handlers/bet.handler.ts,gateway/handlers/bet.handler.ts,2026-02-21T19:21:44+04:00,2026-03-01T21:04:47+04:00,2,2,1,0.00,
gateway/handlers/cashout.handler.ts,gateway/handlers/cashout.handler.ts,2026-02-21T19:21:44+04:00,2026-03-01T21:04:47+04:00,2,2,1,0.00,
gateway/handlers/ping.handler.ts,gateway/handlers/ping.handler.ts,2026-02-21T19:21:44+04:00,2026-02-21T19:21:44+04:00,1,1,1,0.00,
gateway/rate-limit/ws-rate-limit.ts,gateway/rate-limit/ws-rate-limit.ts,2026-02-21T19:21:44+04:00,2026-02-21T19:21:44+04:00,1,1,1,0.00,
gateway/redis/redis-subscriber.ts,gateway/redis/redis-subscriber.ts,2026-02-21T19:21:44+04:00,2026-03-01T21:04:47+04:00,2,2,1,0.00,
gateway/rooms/round-room.ts,gateway/rooms/round-room.ts,2026-02-21T19:21:44+04:00,2026-03-07T17:30:32+04:00,3,3,1,0.00,
gateway/server.ts,gateway/server.ts,2026-02-21T19:21:44+04:00,2026-03-07T17:30:32+04:00,4,4,1,0.00,
gateway/types/ws-events.ts,gateway/types/ws-events.ts,2026-02-21T19:21:44+04:00,2026-02-21T19:21:44+04:00,1,1,1,0.00,
infra/caddy/Caddyfile,infra/caddy/Caddyfile,2026-02-22T17:27:06+04:00,2026-03-07T17:30:32+04:00,3,3,1,0.00,
infra/deploy/deploy-vds.sh,infra/deploy/deploy-vds.sh,2026-02-22T17:27:06+04:00,2026-03-07T19:37:02+04:00,6,6,2,0.00,
infra/deploy/update-from-git.sh,infra/deploy/update-from-git.sh,2026-02-22T17:27:06+04:00,2026-03-01T22:17:55+04:00,2,2,1,0.00,
infra/nginx/dev-single-tunnel.conf,infra/nginx/dev-single-tunnel.conf,2026-02-21T19:21:44+04:00,2026-02-22T17:27:06+04:00,2,2,1,0.00,
lib/admin-actions.ts,lib/admin-actions.ts,2026-03-07T17:30:32+04:00,2026-03-07T17:30:32+04:00,1,1,1,0.00,
lib/admin-audit.ts,lib/admin-audit.ts,2026-03-07T17:30:32+04:00,2026-03-07T17:30:32+04:00,1,1,1,0.00,
lib/admin-data-explorer.ts,lib/admin-data-explorer.ts,2026-03-07T22:00:34+04:00,2026-03-07T22:00:34+04:00,1,1,1,0.00,
lib/admin-data.ts,lib/admin-data.ts,2026-03-07T17:30:32+04:00,2026-03-09T19:54:33+04:00,2,2,1,0.00,
lib/admin-request.ts,lib/admin-request.ts,2026-03-07T17:30:32+04:00,2026-03-07T18:49:17+04:00,2,2,1,0.00,
lib/admin.ts,lib/admin.ts,2026-03-07T17:30:32+04:00,2026-03-07T20:39:38+04:00,4,4,1,0.00,
lib/app-settings.tsx,lib/app-settings.tsx,2026-03-04T20:55:28+04:00,2026-03-04T20:55:28+04:00,1,1,1,0.00,
lib/auth.ts,lib/auth.ts,2026-02-21T19:21:44+04:00,2026-02-21T19:21:44+04:00,1,1,1,0.00,
lib/currency.ts,lib/currency.ts,2026-03-09T19:54:33+04:00,2026-03-09T20:36:02+04:00,2,2,1,0.00,
lib/db.ts,lib/db.ts,2026-02-21T19:21:44+04:00,2026-03-03T18:32:42+04:00,2,2,1,0.00,
lib/dev-flags.ts,lib/dev-flags.ts,2026-02-24T17:03:57+04:00,2026-02-24T17:03:57+04:00,1,1,1,0.00,
lib/game-config.ts,lib/game-config.ts,2026-02-21T19:21:44+04:00,2026-03-07T20:07:34+04:00,3,3,1,0.00,
lib/game/backend-round-state-adapter.ts,lib/game/backend-round-state-adapter.ts,2026-02-21T19:21:44+04:00,2026-03-09T19:54:33+04:00,6,6,1,0.00,
lib/game/backend-round-types.ts,lib/game/backend-round-types.ts,2026-02-21T19:21:44+04:00,2026-02-21T19:21:44+04:00,1,1,1,0.00,
lib/game/public-player.ts,lib/game/public-player.ts,2026-02-21T19:21:44+04:00,2026-02-21T19:21:44+04:00,1,1,1,0.00,
lib/haptics.ts,lib/haptics.ts,2026-03-04T20:55:28+04:00,2026-03-04T20:55:28+04:00,1,1,1,0.00,
lib/house-ledger.service.ts,lib/house-ledger.service.ts,2026-02-21T19:21:44+04:00,2026-03-03T18:32:42+04:00,2,2,1,0.00,
lib/http.ts,lib/http.ts,2026-02-21T19:21:44+04:00,2026-03-07T17:30:32+04:00,2,2,1,0.00,
lib/i18n.tsx,lib/i18n.tsx,2026-03-04T20:55:28+04:00,2026-03-22T15:07:50+04:00,5,5,1,0.00,
lib/internal-base-url.ts,lib/internal-base-url.ts,2026-03-01T21:04:47+04:00,2026-03-01T21:04:47+04:00,1,1,1,0.00,
lib/ledger.service.ts,lib/ledger.service.ts,2026-02-21T19:21:44+04:00,2026-03-03T18:32:42+04:00,2,2,1,0.00,
lib/logger.ts,lib/logger.ts,2026-03-01T21:04:47+04:00,2026-03-01T21:04:47+04:00,1,1,1,0.00,
lib/mini-app-bootstrap.ts,lib/mini-app-bootstrap.ts,2026-02-21T19:21:44+04:00,2026-03-22T15:07:50+04:00,5,5,1,0.00,
lib/payments/config.ts,lib/payments/config.ts,2026-02-23T13:04:38+04:00,2026-03-03T16:41:44+04:00,3,3,1,0.00,
lib/payments/deposit-credit.service.ts,lib/payments/deposit-credit.service.ts,2026-02-23T13:04:38+04:00,2026-03-02T20:00:37+04:00,3,3,1,0.00,
lib/payments/intents.service.ts,lib/payments/intents.service.ts,2026-02-23T13:04:38+04:00,2026-03-02T20:00:37+04:00,2,2,1,0.00,
lib/payments/signature.ts,lib/payments/signature.ts,2026-02-23T13:04:38+04:00,2026-02-23T13:04:38+04:00,1,1,1,0.00,
lib/payments/stars.service.ts,lib/payments/stars.service.ts,2026-02-23T13:04:38+04:00,2026-02-23T13:25:24+04:00,2,2,1,0.00,
lib/payments/telegram-webhook.utils.ts,lib/payments/telegram-webhook.utils.ts,2026-02-23T13:04:38+04:00,2026-02-23T13:04:38+04:00,1,1,1,0.00,
lib/payments/ton-reconcile.service.ts,lib/payments/ton-reconcile.service.ts,2026-02-23T13:04:38+04:00,2026-03-03T17:25:41+04:00,3,3,1,0.00,
lib/payments/ton.service.ts,lib/payments/ton.service.ts,2026-02-23T13:04:38+04:00,2026-03-03T17:25:41+04:00,3,3,1,0.00,
lib/payments/utils.ts,lib/payments/utils.ts,2026-02-23T13:04:38+04:00,2026-02-23T20:16:08+04:00,2,2,1,0.00,
lib/prisma-studio.ts,lib/prisma-studio.ts,2026-03-07T21:11:27+04:00,2026-03-07T21:11:27+04:00,1,1,1,0.00,
lib/rate-limit.ts,lib/rate-limit.ts,2026-02-21T19:21:44+04:00,2026-03-03T18:32:42+04:00,3,3,1,0.00,
lib/redis-lock.ts,lib/redis-lock.ts,2026-02-21T19:21:44+04:00,2026-03-03T18:32:42+04:00,2,2,1,0.00,
lib/redis.ts,lib/redis.ts,2026-02-21T19:21:44+04:00,2026-03-01T21:31:25+04:00,4,4,1,0.00,
lib/referrals.ts,lib/referrals.ts,2026-02-21T19:21:44+04:00,2026-03-03T18:32:42+04:00,4,4,1,0.00,
lib/round-multiplier.ts,lib/round-multiplier.ts,2026-03-01T18:04:46+04:00,2026-03-01T18:04:46+04:00,1,1,1,0.00,
lib/session.ts,lib/session.ts,2026-02-21T19:21:44+04:00,2026-02-21T19:21:44+04:00,1,1,1,0.00,
lib/staking-http.ts,lib/staking-http.ts,2026-03-09T19:54:33+04:00,2026-03-09T19:54:33+04:00,1,1,1,0.00,
lib/telegram-auth.ts,lib/telegram-auth.ts,2026-02-21T19:21:44+04:00,2026-02-21T19:21:44+04:00,1,1,1,0.00,
lib/telegram-login.ts,lib/telegram-login.ts,2026-03-07T17:30:32+04:00,2026-03-07T17:30:32+04:00,1,1,1,0.00,
lib/tonconnect-manifest.ts,lib/tonconnect-manifest.ts,2026-03-02T17:29:50+04:00,2026-03-02T17:29:50+04:00,1,1,1,0.00,
lib/ui-sandbox.ts,lib/ui-sandbox.ts,2026-03-22T14:26:02+04:00,2026-03-22T15:07:50+04:00,2,2,1,0.00,
lib/use-adaptive-overlay-motion.ts,lib/use-adaptive-overlay-motion.ts,2026-03-04T20:55:28+04:00,2026-03-04T20:55:28+04:00,1,1,1,0.00,
lib/use-telegram-user.ts,lib/use-telegram-user.ts,2026-02-21T19:21:44+04:00,2026-03-22T15:07:50+04:00,3,3,1,0.00,
lib/utils.ts,lib/utils.ts,2026-02-21T19:21:44+04:00,2026-02-21T19:21:44+04:00,1,1,1,0.00,
lib/ws/game-ws-client.ts,lib/ws/game-ws-client.ts,2026-02-21T19:21:44+04:00,2026-03-01T15:23:06+04:00,2,2,1,0.00,
next.config.mjs,next.config.mjs,2026-02-21T19:21:44+04:00,2026-02-22T17:27:06+04:00,2,2,1,0.00,
next.config.ts,next.config.ts,2026-02-21T19:21:44+04:00,2026-03-03T18:32:42+04:00,3,3,1,0.00,
package-lock.json,package-lock.json,2026-02-21T19:21:44+04:00,2026-03-07T17:30:32+04:00,5,5,1,0.00,
package.json,package.json,2026-02-21T19:21:44+04:00,2026-03-07T17:30:32+04:00,8,8,1,0.00,
postcss.config.mjs,postcss.config.mjs,2026-02-21T19:21:44+04:00,2026-02-21T19:21:44+04:00,1,1,1,0.00,
prisma.config.ts,prisma.config.ts,2026-02-21T19:21:44+04:00,2026-02-21T19:21:44+04:00,1,1,1,0.00,
prisma/migrations/20260202171103_init/migration.sql,prisma/migrations/20260202171103_init/migration.sql,2026-02-21T19:21:44+04:00,2026-02-21T19:21:44+04:00,1,1,1,0.00,
prisma/migrations/20260203000000_add_ton_balance/migration.sql,prisma/migrations/20260203000000_add_ton_balance/migration.sql,2026-02-21T19:21:44+04:00,2026-02-21T19:21:44+04:00,1,1,1,0.00,
prisma/migrations/20260204134233_add_sessions_wallet_ledger/migration.sql,prisma/migrations/20260204134233_add_sessions_wallet_ledger/migration.sql,2026-02-21T19:21:44+04:00,2026-02-21T19:21:44+04:00,1,1,1,0.00,
prisma/migrations/20260204150000_improve_wallet_ledger/migration.sql,prisma/migrations/20260204150000_improve_wallet_ledger/migration.sql,2026-02-21T19:21:44+04:00,2026-02-21T19:21:44+04:00,1,1,1,0.00,
prisma/migrations/20260204153000_remove_ton_balance/migration.sql,prisma/migrations/20260204153000_remove_ton_balance/migration.sql,2026-02-21T19:21:44+04:00,2026-02-21T19:21:44+04:00,1,1,1,0.00,
prisma/migrations/20260204160000_add_round_engine/migration.sql,prisma/migrations/20260204160000_add_round_engine/migration.sql,2026-02-21T19:21:44+04:00,2026-02-21T19:21:44+04:00,1,1,1,0.00,
prisma/migrations/20260205120000_add_bet_lock/migration.sql,prisma/migrations/20260205120000_add_bet_lock/migration.sql,2026-02-21T19:21:44+04:00,2026-02-21T19:21:44+04:00,1,1,1,0.00,
prisma/migrations/20260205123000_add_bet_loss_settlement/migration.sql,prisma/migrations/20260205123000_add_bet_loss_settlement/migration.sql,2026-02-21T19:21:44+04:00,2026-02-21T19:21:44+04:00,1,1,1,0.00,
prisma/migrations/20260205130000_add_bet_win/migration.sql,prisma/migrations/20260205130000_add_bet_win/migration.sql,2026-02-21T19:21:44+04:00,2026-02-21T19:21:44+04:00,1,1,1,0.00,
prisma/migrations/20260205133000_roundplayer_currency/migration.sql,prisma/migrations/20260205133000_roundplayer_currency/migration.sql,2026-02-21T19:21:44+04:00,2026-02-21T19:21:44+04:00,1,1,1,0.00,
prisma/migrations/20260214150000_wallet_invariants_roundplayer_fk/migration.sql,prisma/migrations/20260214150000_wallet_invariants_roundplayer_fk/migration.sql,2026-02-21T19:21:44+04:00,2026-02-21T19:21:44+04:00,1,1,1,0.00,
prisma/migrations/20260214162000_add_fairness_versioned_commit_reveal/migration.sql,prisma/migrations/20260214162000_add_fairness_versioned_commit_reveal/migration.sql,2026-02-21T19:21:44+04:00,2026-02-21T19:21:44+04:00,1,1,1,0.00,
prisma/migrations/20260214223000_add_round_economics_and_house_treasury/migration.sql,prisma/migrations/20260214223000_add_round_economics_and_house_treasury/migration.sql,2026-02-21T19:21:44+04:00,2026-02-21T19:21:44+04:00,1,1,1,0.00,
prisma/migrations/20260214231500_house_wallet_non_negative/migration.sql,prisma/migrations/20260214231500_house_wallet_non_negative/migration.sql,2026-02-21T19:21:44+04:00,2026-02-21T19:21:44+04:00,1,1,1,0.00,
prisma/migrations/20260217113000_add_house_fund_ledger_type/migration.sql,prisma/migrations/20260217113000_add_house_fund_ledger_type/migration.sql,2026-02-21T19:21:44+04:00,2026-02-21T19:21:44+04:00,1,1,1,0.00,
prisma/migrations/20260217170000_add_round_queued_bets/migration.sql,prisma/migrations/20260217170000_add_round_queued_bets/migration.sql,2026-02-21T19:21:44+04:00,2026-02-21T19:21:44+04:00,1,1,1,0.00,
prisma/migrations/20260217202035_dev18_02_26/migration.sql,prisma/migrations/20260217202035_dev18_02_26/migration.sql,2026-02-21T19:21:44+04:00,2026-02-21T19:21:44+04:00,1,1,1,0.00,
prisma/migrations/20260218104500_add_fairness_v2_bounded_max/migration.sql,prisma/migrations/20260218104500_add_fairness_v2_bounded_max/migration.sql,2026-02-21T19:21:44+04:00,2026-02-21T19:21:44+04:00,1,1,1,0.00,
prisma/migrations/20260220184000_add_user_referrals/migration.sql,prisma/migrations/20260220184000_add_user_referrals/migration.sql,2026-02-21T19:21:44+04:00,2026-02-21T19:21:44+04:00,1,1,1,0.00,
prisma/migrations/20260223010000_add_payment_intents/migration.sql,prisma/migrations/20260223010000_add_payment_intents/migration.sql,2026-02-23T13:04:38+04:00,2026-02-23T13:04:38+04:00,1,1,1,0.00,
prisma/migrations/20260303120000_security_hardening_followup/migration.sql,prisma/migrations/20260303120000_security_hardening_followup/migration.sql,2026-03-03T18:32:42+04:00,2026-03-03T18:32:42+04:00,1,1,1,0.00,
prisma/migrations/20260307170000_add_admin_audit_and_indexes/migration.sql,prisma/migrations/20260307170000_add_admin_audit_and_indexes/migration.sql,2026-03-07T17:30:32+04:00,2026-03-07T17:30:32+04:00,1,1,1,0.00,
prisma/migrations/20260309153000_add_staking_rollout/migration.sql,prisma/migrations/20260309153000_add_staking_rollout/migration.sql,2026-03-09T19:54:33+04:00,2026-03-09T19:54:33+04:00,1,1,1,0.00,
prisma/migrations/migration_lock.toml,prisma/migrations/migration_lock.toml,2026-02-21T19:21:44+04:00,2026-02-21T19:21:44+04:00,1,1,1,0.00,
prisma/schema.prisma,prisma/schema.prisma,2026-02-21T19:21:44+04:00,2026-03-09T19:54:33+04:00,5,5,1,0.00,
prisma/seed.ts,prisma/seed.ts,2026-02-21T19:21:44+04:00,2026-02-21T19:21:44+04:00,1,1,1,0.00,
public/file.svg,public/file.svg,2026-02-21T19:21:44+04:00,2026-02-21T19:21:44+04:00,1,1,1,0.00,
public/globe.svg,public/globe.svg,2026-02-21T19:21:44+04:00,2026-02-21T19:21:44+04:00,1,1,1,0.00,
public/next.svg,public/next.svg,2026-02-21T19:21:44+04:00,2026-02-21T19:21:44+04:00,1,1,1,0.00,
public/planets/gasgiant2.png,public/planets/gasgiant2.png,2026-02-21T19:21:44+04:00,2026-02-21T19:21:44+04:00,1,1,1,0.00,
public/planets/iceworld.png,public/planets/iceworld.png,2026-02-21T19:21:44+04:00,2026-02-21T19:21:44+04:00,1,1,1,0.00,
public/planets/lavaworld.png,public/planets/lavaworld.png,2026-02-21T19:21:44+04:00,2026-02-21T19:21:44+04:00,1,1,1,0.00,
public/planets/noatmosphere.png,public/planets/noatmosphere.png,2026-02-21T19:21:44+04:00,2026-02-21T19:21:44+04:00,1,1,1,0.00,
public/planets/terraindry.png,public/planets/terraindry.png,2026-02-21T19:21:44+04:00,2026-02-21T19:21:44+04:00,1,1,1,0.00,
public/rocket/rocket.json,public/rocket/rocket.json,2026-02-21T19:21:44+04:00,2026-02-21T19:21:44+04:00,1,1,1,0.00,
public/ru-flag.svg,public/ru-flag.svg,2026-03-06T18:37:26+04:00,2026-03-06T18:37:26+04:00,1,1,1,0.00,
public/safe.png,public/safe.png,2026-02-21T19:21:44+04:00,2026-02-21T19:21:44+04:00,1,1,1,0.00,
public/stars.png,public/stars.png,2026-02-21T19:21:44+04:00,2026-02-21T19:21:44+04:00,1,1,1,0.00,
public/stars.svg,public/stars.svg,2026-02-21T19:21:44+04:00,2026-02-21T19:21:44+04:00,1,1,1,0.00,
public/ton.png,public/ton.png,2026-02-21T19:21:44+04:00,2026-02-21T19:21:44+04:00,1,1,1,0.00,
public/ton.svg,public/ton.svg,2026-02-21T19:21:44+04:00,2026-02-21T19:21:44+04:00,1,1,1,0.00,
public/usa-flag.svg,public/usa-flag.svg,2026-03-06T18:37:26+04:00,2026-03-06T18:37:26+04:00,1,1,1,0.00,
public/v0-logo-dark.svg,public/v0-logo-dark.svg,2026-02-21T19:21:44+04:00,2026-02-21T19:21:44+04:00,1,1,1,0.00,
public/v0-logo-light.svg,public/v0-logo-light.svg,2026-02-21T19:21:44+04:00,2026-02-21T19:21:44+04:00,1,1,1,0.00,
public/vercel.svg,public/vercel.svg,2026-02-21T19:21:44+04:00,2026-02-21T19:21:44+04:00,1,1,1,0.00,
public/window.svg,public/window.svg,2026-02-21T19:21:44+04:00,2026-02-21T19:21:44+04:00,1,1,1,0.00,
scripts/accounting_settlement_integration_test.ts,scripts/accounting_settlement_integration_test.ts,2026-02-21T19:21:44+04:00,2026-02-21T19:21:44+04:00,1,1,1,0.00,
scripts/betting_hardening_test.ts,scripts/betting_hardening_test.ts,2026-02-21T19:21:44+04:00,2026-02-21T19:21:44+04:00,1,1,1,0.00,
scripts/betting_integration_test.ts,scripts/betting_integration_test.ts,2026-02-21T19:21:44+04:00,2026-02-21T19:21:44+04:00,1,1,1,0.00,
scripts/cashout_integration_test.ts,scripts/cashout_integration_test.ts,2026-02-21T19:21:44+04:00,2026-02-21T19:21:44+04:00,1,1,1,0.00,
scripts/cashout_math_unit_test.ts,scripts/cashout_math_unit_test.ts,2026-02-21T19:21:44+04:00,2026-02-21T19:21:44+04:00,1,1,1,0.00,
scripts/check-encoding.js,scripts/check-encoding.js,2026-02-21T19:21:44+04:00,2026-02-21T19:21:44+04:00,1,1,1,0.00,
scripts/check_users.js,scripts/check_users.js,2026-02-21T19:21:44+04:00,2026-02-21T19:21:44+04:00,1,1,1,0.00,
scripts/clean-start.js,scripts/clean-start.js,2026-02-21T19:21:44+04:00,2026-02-21T19:21:44+04:00,1,1,1,0.00,
scripts/dev-all.js,scripts/dev-all.js,2026-02-21T19:21:44+04:00,2026-02-21T19:21:44+04:00,1,1,1,0.00,
scripts/dev_house_fund.ts,scripts/dev_house_fund.ts,2026-02-21T19:21:44+04:00,2026-02-21T19:21:44+04:00,1,1,1,0.00,
scripts/fairness_commit_reveal_test.ts,scripts/fairness_commit_reveal_test.ts,2026-02-21T19:21:44+04:00,2026-02-22T17:27:06+04:00,2,2,1,0.00,
scripts/house_bankroll_guard_test.ts,scripts/house_bankroll_guard_test.ts,2026-02-21T19:21:44+04:00,2026-02-21T19:21:44+04:00,1,1,1,0.00,
scripts/ledger_integration_test.ts,scripts/ledger_integration_test.ts,2026-02-21T19:21:44+04:00,2026-02-21T19:21:44+04:00,1,1,1,0.00,
scripts/queued_bet_risk_integration_test.ts,scripts/queued_bet_risk_integration_test.ts,2026-02-21T19:21:44+04:00,2026-02-21T19:21:44+04:00,1,1,1,0.00,
scripts/referrals_unit_test.ts,scripts/referrals_unit_test.ts,2026-03-02T01:21:57+04:00,2026-03-02T01:45:33+04:00,2,2,1,0.00,
scripts/risk_parallel_bet_integration_test.ts,scripts/risk_parallel_bet_integration_test.ts,2026-02-21T19:21:44+04:00,2026-02-21T19:21:44+04:00,1,1,1,0.00,
scripts/round_growth_unit_test.ts,scripts/round_growth_unit_test.ts,2026-03-01T18:04:46+04:00,2026-03-01T18:04:46+04:00,1,1,1,0.00,
scripts/settlement_hardening_test.ts,scripts/settlement_hardening_test.ts,2026-02-21T19:21:44+04:00,2026-02-21T19:21:44+04:00,1,1,1,0.00,
scripts/snapshot_schema_compat_test.ts,scripts/snapshot_schema_compat_test.ts,2026-02-21T19:21:44+04:00,2026-02-21T19:21:44+04:00,1,1,1,0.00,
scripts/start-telegram-prod.ps1,scripts/start-telegram-prod.ps1,2026-02-21T19:21:44+04:00,2026-02-22T17:27:06+04:00,2,2,1,0.00,
scripts/start_dev_all.ps1,scripts/start_dev_all.ps1,2026-03-18T18:25:35+04:00,2026-03-18T18:25:35+04:00,1,1,1,0.00,
scripts/stop-telegram.ps1,scripts/stop-telegram.ps1,2026-02-21T19:21:44+04:00,2026-02-22T17:27:06+04:00,2,2,1,0.00,
scripts/ton_reconcile_comment_unit_test.ts,scripts/ton_reconcile_comment_unit_test.ts,2026-03-02T20:00:37+04:00,2026-03-03T17:25:41+04:00,2,2,1,0.00,
scripts/ton_reconcile_failed_unit_test.ts,scripts/ton_reconcile_failed_unit_test.ts,2026-03-03T17:25:41+04:00,2026-03-03T17:25:41+04:00,1,1,1,0.00,
scripts/verify_round_fairness.ts,scripts/verify_round_fairness.ts,2026-02-21T19:21:44+04:00,2026-02-21T19:21:44+04:00,1,1,1,0.00,
scripts/ws_gateway_smoke.ts,scripts/ws_gateway_smoke.ts,2026-02-21T19:21:44+04:00,2026-02-21T19:21:44+04:00,1,1,1,0.00,
scripts/ws_player_event_payload_test.ts,scripts/ws_player_event_payload_test.ts,2026-02-21T19:21:44+04:00,2026-02-21T19:21:44+04:00,1,1,1,0.00,
services/game-betting.service.ts,services/game-betting.service.ts,2026-02-21T19:21:44+04:00,2026-03-09T19:54:33+04:00,3,3,1,0.00,
services/game-events.service.ts,services/game-events.service.ts,2026-02-21T19:21:44+04:00,2026-02-22T17:27:06+04:00,2,2,1,0.00,
services/game-fairness.service.ts,services/game-fairness.service.ts,2026-02-21T19:21:44+04:00,2026-02-21T19:21:44+04:00,1,1,1,0.00,
services/game-player-events.service.ts,services/game-player-events.service.ts,2026-02-21T19:21:44+04:00,2026-02-21T19:21:44+04:00,1,1,1,0.00,
services/game-risk.service.ts,services/game-risk.service.ts,2026-02-21T19:21:44+04:00,2026-03-07T20:07:34+04:00,2,2,1,0.00,
services/game-round-snapshot.service.ts,services/game-round-snapshot.service.ts,2026-02-21T19:21:44+04:00,2026-03-01T18:04:46+04:00,2,2,1,0.00,
services/game-round.service.ts,services/game-round.service.ts,2026-02-21T19:21:44+04:00,2026-03-03T18:32:42+04:00,3,3,1,0.00,
services/game-settlement.service.ts,services/game-settlement.service.ts,2026-02-21T19:21:44+04:00,2026-03-09T20:36:02+04:00,5,5,1,0.00,
services/public-player-profile.service.ts,services/public-player-profile.service.ts,2026-02-21T19:21:44+04:00,2026-02-21T19:21:44+04:00,1,1,1,0.00,
services/reconciliation.service.ts,services/reconciliation.service.ts,2026-02-21T19:21:44+04:00,2026-03-03T18:32:42+04:00,2,2,1,0.00,
services/staking.service.ts,services/staking.service.ts,2026-03-09T19:54:33+04:00,2026-03-09T19:54:33+04:00,1,1,1,0.00,
styles/deposit-funds-modal.module.css,styles/deposit-funds-modal.module.css,2026-02-23T23:54:53+04:00,2026-03-06T20:31:44+04:00,10,10,1,0.00,
styles/place-bet-modal.module.css,styles/place-bet-modal.module.css,2026-02-21T19:21:44+04:00,2026-03-06T20:31:44+04:00,8,8,1,0.00,
styles/staking-safe.module.css,styles/staking-safe.module.css,2026-02-21T19:21:44+04:00,2026-03-10T23:54:00+04:00,20,20,1,0.00,
styles/starrush.module.css,styles/starrush.module.css,2026-02-21T19:21:44+04:00,2026-03-09T19:54:33+04:00,19,19,1,0.00,
theme/colors.ts,theme/colors.ts,2026-02-21T19:21:44+04:00,2026-03-06T18:37:26+04:00,3,3,1,0.00,
tsconfig.json,tsconfig.json,2026-02-21T19:21:44+04:00,2026-02-21T19:21:44+04:00,1,1,1,0.00,
workers/round-worker.ts,workers/round-worker.ts,2026-02-21T19:21:44+04:00,2026-03-03T18:32:42+04:00,6,6,1,0.00,
